Name,Year,Sex,SPR,CPI,Dam Name,Dam Year,Dam SPR,Dam CPI,Dam Sire Name,Dam Sire Year
Ain't She Awesome,2000/02/14,filly,96,4.3,Primarily,1988,98,10.8,Lord At War (ARG),1980
Always Awesome,2000/04/01,filly,,,,,,,,
Awesome Action,2000/02/26,gelding,95,5.8,Opinionated Lady,1993,85,1.7,Known Fact,1977
Awesome Cannonball,2000/02/04,colt,71,1.2,Splash Em Baby,1988,77,2.1,Bucksplasher,1977
Awesome Charm,2000/04/12,filly,83,2.5,Reet Petite,1990,98,9.3,Maudlin,1978
Awesome Dancing,2000/01/06,gelding,69,1.2,Lulu,1991,91,4.0,Afleet,1984
Awesome Dividend,2000/05/08,colt,,,,,,,,
Awesome for Sure,2000/04/30,filly,62,0.8,Woodsy Meadow,1995,86,2.2,Meadowlake,1983
Awesome Frances,2000/01/17,filly,81,1.7,Frances in the Sky,1994,94,5.6,Sky Classic,1987
Awesome Minister,2000/01/31,gelding,25,0.1,Golden West,1994,80,1.5,Gone West,1984
Awesome Mom,2000/04/05,filly,,,,,,,,
Awesome Notion,2000/04/05,filly,,,,,,,,
Awesome of Course,2000/04/13,colt,,,,,,,,
Awesome Powers,2000/02/02,filly,79,1.6,Jill Miner,1990,98,11.7,Maudlin,1978
Awesome Punch,2000/01/08,filly,7,0.0,Joustabout,1995,99,9.2,Apalachee,1971
Awesome Reef,2000/03/01,filly,,,,,,,,
Awesome Rush,2000/03/07,gelding,,,,,,,,
Awesome Sword,2000/04/06,colt,,,,,,,,
Awesome Time,2000/02/27,colt,92,6.7,Slew Boyera,1987,92,2.7,Seattle Slew,1974
Awesome Touch,2000/03/23,filly,92,2.7,Baby Millie,1991,91,2.6,Gallapiat,1973
Belenus,2000/03/22,colt,73,4.4,Sun Blush,1989,96,4.7,Ogygian,1983
Blooming Again,2000/04/18,filly,,,,,,,,
Brush the Law Agin,2000/01/29,gelding,40,0.3,Brush With the Law,1993,94,6.1,Broad Brush,1983
Carolina Sunrise,2000/03/09,filly,54,0.5,Stylish Star,1986,98,16.7,Our Native,1970
Clays Awesome,2000/02/17,gelding,87,2.3,Our Shopping Spree,1990,94,6.3,Talc,1972
Dattt Way,2000/04/16,filly,74,1.0,March On He Said,1979,,,Stop the Music,1970
Dealing With Daisy,2000/05/06,filly,67,1.1,Campaign Worker,1983,,,Our Michael,1963
Destined to Win,2000/05/19,gelding,87,1.9,Designatoree,1991,62,0.7,Alysheba,1984
Diamond Bullet,2000/05/21,gelding,71,1.0,Po Po Au Pooh,1994,86,3.3,Tong Po,1988
Doll to Call,2000/01/22,filly,27,0.1,Devil's Doll,1992,38,0.2,Devil's Bag,1981
Easy Cruiser,2000/03/17,colt,66,1.7,Desert Radiance,1989,93,3.2,Desert Wine,1980
Echeverria,2000/02/08,colt,57,1.3,Evil's Pic,1992,98,9.1,Piccolino,1987
Ghostzapper,2000/04/06,colt,,,,,,,,
Glorious Again,2000/03/09,filly,93,3.4,Family Enterprize,1990,97,10.1,Tri Jet,1969
He's a Hunk,2000/04/15,gelding,76,1.8,Fanny's Flying,1988,85,1.7,Flying Paster,1976
He's Awesome,2000/05/03,gelding,81,1.8,Sister Queen,1994,96,6.2,Irish River (FR),1976
Headline News,2000/02/15,colt,74,0.9,Printing Press,1981,63,0.6,In Reality,1964
Heavens Passport,2000/02/03,filly,85,1.8,Up and Above,1994,85,1.8,Mt. Livermore,1981
Hotstufanthensome,2000/01/30,gelding,94,9.2,Don't Read My Lips,1991,92,5.8,Turkoman,1982
I'm an Awesome Cat,2000/03/08,gelding,55,0.6,I'm No Pussycat,1986,35,0.1,Valdez,1976
In Love Again,2000/04/07,filly,83,3.0,Dhaka,1988,98,7.9,Icecapade,1969
Kazaa,2000/03/03,filly,22,0.1,Joyous Melody,1990,96,6.8,Phone Trick,1982
Miney's Awesome,2000/03/11,filly,68,1.4,Mine Tonight,1983,96,5.8,Upper Nile,1974
Miss Awesome,2000/04/12,filly,77,1.2,Tanja,1993,93,5.0,Allen's Prospect,1982
Moomba,2000/03/01,colt,,,,,,,,
Most Awesome,2000/01/21,filly,,,,,,,,
Narita Roadster,2000/05/24,colt,19,0.1,Seattle Meteor,1986,98,17.1,Seattle Slew,1974
Nora T.,2000/02/14,filly,,,,,,,,
Northern Sensation,2000/05/31,colt,1,0.0,North Colony,1990,4,0.0,Pleasant Colony,1978
Personal Legend,2000/01/29,filly,99,12.5,Highland Legend,1991,93,3.1,Storm Bird,1978
Polebridge,2000/03/09,colt,31,0.1,Hip Wolf,1994,89,3.1,Northern Wolf,1986
Post Its Awesome,2000/05/10,gelding,75,1.0,Post It,1992,91,8.6,Notebook,1985
Regently Bold,2000/02/20,filly,90,2.3,Jenepher,1992,,,Seattle Slew,1974
Reload,2000/03/31,filly,,,,,,,,
Riverkeeper,2000/03/07,filly,,,,,,,,
Rock Again,2000/02/23,gelding,91,9.0,Track Gal,1991,93,18.0,Track Barron,1981
Rolling Benz,2000/03/03,gelding,69,1.5,Fighting Jet,1990,97,6.9,Copelan,1980
Roman Centurion,2000/02/29,colt,35,0.3,Romanette,1982,97,6.8,Alleged,1974
Rousing Again,2000/04/24,filly,91,2.7,Rousing,1985,80,1.1,Alydar,1975
Scarlet Fire,2000/03/26,filly,,,,,,,,
Sensational Again,2000/02/08,filly,,,,,,,,
Smart Again,2000/01/20,colt,94,0.7,Bye the Bye,1984,93,2.6,Balzac,1975
Snorter,2000/01/29,colt,,,,,,,,
Socially Smart,2000/03/15,gelding,,,,,,,,
Still Awesome,2000/04/23,filly,,,,,,,,
Strictly Business,2000/04/22,gelding,79,1.2,Lets Do Lunch,1985,99,13.7,Royal Roberto,1979
Sunny Again,2000/03/26,filly,,,,,,,,
Symmetron,2000/02/13,colt,94,4.3,Valid Symmetry,1992,96,5.7,Valid Appeal,1972
Toccet,2000/05/02,colt,,,,,,,,
Triple J,2000/03/02,filly,75,1.1,Triple Strike,1986,99,13.8,Secretariat,1970
Tyne,2000/03/03,filly,74,2.6,Banantyne,1996,,,Meadowlake,1983
Wonderously,2000/03/22,filly,,,,,,,,
Unnamed,2001/03/10,filly,,,,,,,,
Alive Again,2001/03/12,gelding,,,,,,,,
Amazing Again,2001/05/04,colt,72,1.8,Crystal Shard,1994,,,Mr. Prospector,1970
Anew,2001/02/20,gelding,89,5.2,Lucinda,1994,92,2.9,Olympio,1988
Atago Taiyo,2001/02/28,colt,16,0.1,Windy Mindy,1987,86,3.0,Honey Jay,1968
Awe Cheryl,2001/01/15,filly,,,,,,,,
Awesomatic,2001/05/11,filly,,,,,,,,
Awesome Alarm,2001/01/25,gelding,70,0.9,Belle de Soleil,1993,95,4.9,Darn That Alarm,1981
Awesome Anew,2001/01/16,filly,57,0.6,Aisle Seeya,1995,81,1.4,Gulch,1984
Awesome Appeal,2001/04/24,gelding,12,0.1,Appealing Phylly,1996,93,7.5,West by West,1989
Awesome Deduction,2001/03/28,filly,,,,,,,,
Awesome Drive,2001/04/07,colt,,,,,,,,
Awesome Emily,2001/04/06,filly,,,,,,,,
Awesome Honor,2001/03/27,gelding,85,2.4,Vivacious Suzi,1994,91,3.5,Once Wild,1985
Awesome Joy,2001/02/16,filly,,,,,,,,
Awesome Kate,2001/04/18,filly,57,0.7,Silver Dollar Kate,1993,47,0.3,Green Dancer,1972
Awesome Lass,2001/05/25,filly,,,,,,,,
Awesome Love,2001/02/28,colt,,,,,,,,
Awesome Miss (FR),2001/02/27,filly,,,,,,,,
Awesome Reality,2001/02/22,filly,,,,,,,,
Awesome Takeover,2001/04/18,filly,52,0.6,On the Tree Top,1993,94,3.8,Tasso,1983
Awesome Thrill,2001/04/19,filly,,,,,,,,
Awesome Will,2001/05/01,filly,,,,,,,,
Awesomebabyawesome,2001/04/20,gelding,28,0.2,Takeover Target,1986,89,2.2,Nodouble,1965
Awesomely,2001/05/02,filly,23,0.1,Phone the Doctor,1992,98,9.2,Phone Trick,1982
Awesomeness,2001/05/03,filly,84,2.7,Glory in Motion,1994,78,7.8,Broad Brush,1983
Awesomewithbroads,2001/03/23,gelding,84,1.6,Aggressive Broad,1995,86,2.3,Broad Brush,1983
Awestruck,2001/03/14,colt,14,0.0,My Heart Sez Yes,1994,91,3.8,Sezyou,1978
Billow Time,2001/05/01,colt,4,0.1,Voluptuous,1990,89,3.0,Cozzene,1980
Bold Prediction,2001/02/19,colt,,,,,,,,
Cajun Dawn,2001/04/05,filly,33,0.3,Pat's Reward,1990,82,1.2,Copelan,1980
Call Me Awesome,2001/01/29,colt,,,,,,,,
Carib Gal,2001/04/08,filly,,,,,,,,
Cheers Again,2001/05/28,filly,13,0.1,Yanks Music,1993,99,49.5,Air Forbes Won,1979
Classy Again,2001/04/27,filly,,,,,,,,
Coyote Fast,2001/04/09,gelding,71,1.3,Raise a Carter,1990,86,1.8,Dr. Carter,1981
Cupid's Arrow,2001/05/07,filly,90,2.4,Cupids Revenge,1994,92,5.5,Red Ransom,1987
Dashing Deputy,2001/02/01,gelding,48,0.8,Ms. Copelan,1989,91,2.7,Copelan,1980
Encore Encore,2001/03/30,filly,42,0.3,Honolulu Honey,1985,93,5.8,*Hawaii,1964
Enterprise Coast,2001/02/16,filly,47,0.4,Eye Catching,1991,94,3.4,Alydar,1975
Etiquette,2001/02/24,filly,,,,,,,,
Europe Again,2001/03/18,filly,58,0.8,Europa,1984,,,Medieval Man,1974
Expressly,2001/03/03,filly,10,0.0,Rapid Selection,1993,92,5.0,Sabona,1982
Final Marriage,2001/03/01,filly,,,,,,,,
Halo Awesome,2001/04/30,colt,11,0.1,Cathy's Halo,1987,71,0.9,Devil's Bag,1981
Hillside Dreamer,2001/02/24,colt,48,0.7,Nikita Moon,1996,28,0.1,Secret Hello,1987
I'm Awesome,2001/04/16,gelding,1,0.0,Valid Dorothy,1996,91,3.7,Valid Appeal,1972
I'm Awesome Again,2001/03/03,gelding,67,1.0,Imaglee,1978,11,0.0,*Grey Dawn II,1962
Improper Again,2001/05/01,colt,,,,,,,,
Jennie R.,2001/04/11,filly,,,,,,,,
Justa Lil Awesome,2001/02/14,filly,1,0.0,Gratify,1996,92,2.9,Miswaki,1978
Kaysome,2001/05/21,filly,64,0.7,McKaymackenna,1989,98,13.3,Ends Well,1981
Monsieur Julian,2001/04/24,colt,34,0.1,Missy Day,1994,98,7.8,Dayjur,1987
Mr. Awesome,2001/01/23,gelding,40,0.3,Holywood Picture,1996,96,5.3,Holy Bull,1991
Mucho Amo,2001/02/09,colt,,,,,,,,
Not Acclaim,2001/05/08,gelding,89,3.1,Eurobid,1993,74,1.1,Expensive Decision,1986
Orange Power,2001/05/18,colt,45,0.4,A Dream Above,1986,94,3.8,Great Above,1972
Pink Champagne,2001/03/29,filly,58,3.6,Turkappeal,1993,95,4.9,Turkoman,1982
Plectrum,2001/03/12,colt,86,2.4,Berceau,1989,97,5.2,Alleged,1974
Poker Game,2001/03/22,gelding,75,1.6,Stormy Blues,1992,98,24.9,Cure the Blues,1978
Precious Again,2001/02/12,filly,,,,,,,,
Presentation (JPN),2001/01/01,filly,18,0.0,Lady Telluride,1997,,,A.P. Indy,1989
Prince Awesome,2001/04/15,colt,1,0.0,Pure Red,1993,88,2.2,Thirty Six Red,1987
Queen Kennelot,2001/05/17,filly,1,0.0,Le Grand Epic,1987,,,Danzig,1977
Rockin' Again,2001/02/11,gelding,56,0.8,Touch Dial,1996,99,17.9,Phone Trick,1982
Royal Force,2001/02/06,gelding,47,0.5,Indy Ama,1994,85,1.8,A.P. Indy,1989
Rumor Has It,2001/05/13,gelding,81,4.4,Garden Secrets,1992,68,1.8,Time for a Change,1981
Supah Sensation,2001/05/04,filly,95,3.8,Supah Gem,1990,97,13.2,Gold Meridian,1982
Thunder Fox,2001/05/03,gelding,79,1.6,Astas Foxy Lady,1991,96,12.6,Zuppardo's Prince,1976
Thunder Wolf,2001/04/22,gelding,67,5.8,Blazing Hot,1993,80,6.9,Irish River (FR),1976
Total Wonder,2001/04/10,filly,,,,,,,,
Up and Again,2001/01/19,filly,44,0.5,Up an Eighth,1991,97,5.9,Ferdinand,1983
Valid Again,2001/01/22,gelding,59,1.1,Valid Way,1991,61,0.8,Valid Appeal,1972
Vallelunga,2001/04/01,gelding,47,0.5,Brushing Gloom,1992,98,14.5,Broad Brush,1983
Viola Pomposa (JPN),2001/01/01,colt,,,,,,,,
Zikra Alhabeeb (KSA),2001/01/01,filly,0,0.1,Maureen's Hope,1995,96,4.5,Northern Baby,1976
Unnamed,2002/01/30,filly,,,,,,,,
Ahead Again,2002/04/15,gelding,9,0.1,Hot Lear,1995,98,6.7,Lear Fan,1981
Aristocrat,2002/02/24,colt,,,,,,,,
Attract Some Awe,2002/03/31,filly,,,,,,,,
Awesome Avie,2002/01/11,filly,15,0.1,Avies Covergirl,1991,89,2.7,Avies Copy,1984
Awesome Buddy,2002/01/27,colt,,,,,,,,
Awesome Deputy,2002/05/22,filly,,,,,,,,
Awesome Doe,2002/03/02,filly,54,0.5,Roobels,1993,,,Buckaroo,1975
Awesome Exchange,2002/04/10,filly,84,2.1,Copelan's Exchange,1994,41,0.2,Copelan,1980
Awesome Graf,2002/03/20,gelding,,,,,,,,
Awesome Hazel,2002/02/19,filly,,,,,,,,
Awesome Jet,2002/03/24,colt,,,,,,,,
Awesome Lois,2002/03/15,filly,41,0.4,Maiden Fair,1994,90,4.4,Cahill Road,1988
Awesome Olive,2002/03/07,filly,,,,,,,,
Awesome Pro,2002/01/30,gelding,52,0.7,Fickle Fate,1994,88,4.0,Majestic Light,1973
Awesome Rock,2002/05/13,filly,67,1.0,Ayers Rock,1994,92,3.3,Slew the Knight,1986
Awesome Sign,2002/02/24,colt,63,1.1,Hekeepsmesinging,1997,,,Dixieland Band,1980
Awesome Spirit,2002/05/04,colt,,,,,,,,
Awesome Tequila,2002/05/06,colt,,,,,,,,
Awesome Twist,2002/05/06,colt,97,6.2,Twist Afleet,1991,99,25.6,Afleet,1984
Awesome Venture,2002/04/07,colt,59,0.6,Forever Land,1989,84,5.2,Badger Land,1983
Awesome Victory,2002/05/06,filly,,,,,,,,
Ball Girl,2002/02/06,filly,,,,,,,,
Bratislava,2002/03/08,filly,87,2.2,Russian Tango,1990,95,4.8,Nijinsky II,1967
Canadian Cougar,2002/02/04,gelding,47,0.4,Scholars Studio,1996,94,12.6,Bertrando,1989
Cherry Sweet,2002/01/01,filly,,,,,,,,
Comealong,2002/04/25,gelding,30,0.2,Dark Hours,1992,96,7.5,Dynaformer,1985
Dangerous Guy,2002/02/17,gelding,71,1.0,Swift and Classy,1991,99,14.1,Clever Trick,1976
Diane Again,2002/04/17,filly,67,0.9,Dianes Halo,1991,99,13.8,Sunny's Halo,1980
Discreetly Awesome,2002/04/12,filly,,,,,,,,
Dubai Escapade,2002/05/10,filly,85,23.0,Sassy Pants,1992,96,6.9,Saratoga Six,1982
Duke of London,2002/04/20,gelding,,,,,,,,
Eishin Newton,2002/04/03,colt,70,3.9,Good Response,1988,89,9.5,Relaunch,1976
Extra Exclusive,2002/02/17,gelding,84,2.0,Prominent Feather,1989,97,6.1,Lear Fan,1981
Financial Times,2002/03/18,colt,,,,,,,,
Formalities Aside,2002/03/09,filly,75,1.5,Well Dressed,1997,96,5.0,Notebook,1985
Freeway Fun,2002/04/28,filly,,,,,,,,
Glasnost,2002/04/10,colt,,,,,,,,
Goofball,2002/02/27,gelding,56,0.4,Letting Loose,1994,91,2.4,Silver Hawk,1979
Guildhall,2002/04/16,gelding,59,0.5,Earth Song,1985,27,0.1,The Minstrel,1974
Hapster,2002/05/08,filly,75,1.2,Scivolina,1994,,,Slew o' Gold,1980
Hillbilly Bandit,2002/01/31,colt,,,,,,,,
King Attila,2002/03/09,colt,,,,,,,,
King Mustang,2002/02/13,gelding,47,0.5,Feeling Easy,1993,91,2.4,Easy Goer,1986
Magoo's Magic,2002/02/19,colt,,,,,,,,
Mantova Run,2002/01/18,filly,83,2.0,Tassa,1994,95,6.3,Tasso,1983
Maybe for Sure,2002/01/05,filly,,,,,,,,
Mister Bigwig,2002/02/04,gelding,,,,,,,,
Najib,2002/03/01,colt,64,0.8,Heartful Star,1982,92,2.5,Star de Naskra,1975
Naked Again,2002/01/24,gelding,48,0.5,Naked Glory,1990,93,4.2,Naked Sky,1977
Perfectly Awesome,2002/01/31,filly,70,1.0,Perfect Night,1991,86,2.4,Taylor's Falls,1973
Phantom Physics,2002/03/01,gelding,16,0.1,Rivermorn,1992,32,0.1,Riverman,1969
Repeat Again,2002/02/25,filly,28,0.5,Pete's Heiress,1996,,,Peteski,1990
Reregister,2002/04/08,filly,7,0.1,Register,1992,,,Mari's Book,1978
Round Pond,2002/05/21,filly,99,59.3,Gift of Dance,1989,80,1.3,Trempolino,1984
Roxy Blue,2002/04/28,filly,,,,,,,,
Spun Sugar,2002/01/28,filly,98,26.9,Irish Cherry,1994,96,5.6,Irish Open,1984
Struck Again,2002/04/10,gelding,43,0.3,Wild Lightning,1991,97,8.3,Wild Again,1980
Upwardly Mobile,2002/04/28,filly,,,,,,,,
Virgil Q,2002/04/09,gelding,53,0.9,North Lake Jane,1997,98,8.5,Meadowlake,1983
Welcome Again,2002/03/11,gelding,89,4.3,Alda's Will,1993,77,1.2,Gallapiat,1973
Wilko,2002/01/13,colt,,,,,,,,
Win Again,2002/04/15,gelding,75,1.3,Valid Approval,1993,96,4.7,Valid Appeal,1972
Windbreak,2002/02/20,colt,,,,,,,,
Wishin Magician,2002/01/18,colt,24,0.2,Magical Maiden,1989,98,28.2,Lord Avie,1978
Xtra Awesome,2002/02/08,colt,41,0.4,Woofy,1994,97,5.4,Wolf Power (SAF),1978
A. J. Awesome,2003/05/17,colt,73,1.2,Powerful Nation,1994,89,3.1,Turkoman,1982
Above Spirit,2003/02/09,gelding,81,2.2,Pure Red,1993,88,2.2,Thirty Six Red,1987
All Smiles,2003/05/18,filly,,,,,,,,
Alliteration,2003/04/17,colt,,,,,,,,
American Sound,2003/05/13,filly,,,,,,,,
Angle of Attack,2003/02/03,colt,68,1.0,Beguiled,1995,89,2.8,Relaunch,1976
Awesome Attitude,2003/02/08,gelding,81,1.8,Mad 'bout You,1993,88,2.3,Skip Trial,1982
Awesome Bear,2003/03/31,filly,55,0.5,Lucky Marty,1993,94,3.6,Fortunate Prospect,1981
Awesome Cali,2003/03/31,filly,64,1.9,Calistay,1988,92,2.9,Spend a Buck,1982
Awesome Empress,2003/02/02,filly,,,,,,,,
Awesome Enough,2003/02/04,colt,17,0.1,Snowberg,1995,98,10.9,Seattle Sleet,1990
Awesome Eve,2003/03/13,filly,,,,,,,,
Awesome Gem,2003/02/06,gelding,,,,,,,,
Awesome Guy,2003/05/11,gelding,37,0.4,Briar Road,1991,93,6.6,Proper Reality,1985
Awesome Idea,2003/02/18,colt,57,0.8,Miz United States,1997,92,9.6,Valid Appeal,1972
Awesome Jared,2003/02/07,gelding,76,1.4,Mary's Silver Pen,1997,94,3.7,Dawn Quixote,1987
Awesome Richard,2003/04/28,gelding,52,0.6,Red Royal,1995,84,2.1,Red Ransom,1987
Awesome Silence,2003/02/04,gelding,24,0.2,Evening Hush,1995,98,6.2,Saint Ballado,1989
Awesome Way,2003/02/18,colt,42,0.5,Little Miss Fast,1993,83,4.3,Premiership,1980
Badlander,2003/04/30,gelding,61,0.5,Season's Flair,1993,95,4.2,D'Accord,1979
Bear Rock,2003/04/11,gelding,63,0.8,Great Looking Miss,1993,86,1.8,Great Above,1972
Black Cherry,2003/04/16,filly,,,,,,,,
Brilliant Rose,2003/03/05,filly,,,,,,,,
Bug a Boo Ben,2003/02/02,colt,,,,,,,,
Capelia,2003/02/14,filly,60,1.0,Blanca Delia,1995,79,1.7,Darn That Alarm,1981
Capricornio,2003/03/24,gelding,11,0.1,Lazer Eye,1997,80,3.5,Holy Bull,1991
Caramel Candy,2003/05/09,filly,,,,,,,,
Cotton King,2003/03/04,colt,80,2.5,Lake Leman,1995,1,0.0,Meadowlake,1983
Exotic Bird,2003/04/17,filly,,,,,,,,
Flying Skipper,2003/04/25,filly,,,,,,,,
Ginger Punch,2003/04/23,filly,98,51.1,Nappelon,1992,95,5.8,Bold Revenue,1984
Hardballer,2003/04/25,gelding,,,,,,,,
Harmonicus,2003/04/15,gelding,90,2.3,Meadow Melody,1997,98,7.3,Meadowlake,1983
Ida M,2003/05/13,filly,29,0.3,Royal Halo,1997,98,6.9,Jolie's Halo,1987
Issues,2003/05/04,filly,91,3.0,Darlin Echo,1996,78,2.1,Eastern Echo,1988
Kascha,2003/03/21,filly,63,0.8,Black Icon,1995,,,Mining,1984
Midway Man,2003/03/25,gelding,87,2.1,Family Silver,1996,,,Silver Hawk,1979
Mightiness,2003/03/27,colt,,,,,,,,
Morning Jewel,2003/03/26,filly,,,,,,,,
Nora Charles,2003/03/19,filly,,,,,,,,
Oh So Awesome,2003/01/21,gelding,,,,,,,,
On Board Again,2003/02/04,colt,,,,,,,,
Playing to Win,2003/05/02,gelding,,,,,,,,
Plum Awesome,2003/03/19,filly,,,,,,,,
Quartango,2003/02/03,gelding,,,,,,,,
Racketeer,2003/03/05,gelding,,,,,,,,
Red Damask,2003/02/05,filly,78,2.2,Top of the League,1998,95,4.0,Lite the Fuse,1991
Remos,2003/02/16,gelding,27,0.2,Holywood Picture,1996,96,5.3,Holy Bull,1991
Rescue Mission,2003/01/18,filly,,,,,,,,
Rock Rose,2003/03/01,filly,,,,,,,,
Royal Attire,2003/02/21,gelding,,,,,,,,
Ruled,2003/04/03,gelding,52,0.5,Hishi Nile,1994,81,2.6,A.P. Indy,1989
San Luis,2003/01/31,colt,0,0.5,Indy Queen,1998,40,0.3,A.P. Indy,1989
Shim's Pride,2003/05/05,gelding,86,3.0,Shiroyama,1996,,,Seattle Slew,1974
Smooth Brandy,2003/03/26,filly,6,0.0,Royal Corona,1998,94,4.5,Holy Bull,1991
Soul Catcher,2003/02/04,gelding,92,2.9,Diablo's Closer,1996,75,2.3,Diablo,1987
Special Verdict,2003/04/27,filly,34,0.3,Valid Witness,1995,93,3.0,Valid Appeal,1972
Spider Rock,2003/03/11,gelding,89,4.7,Dynamite Diablo,1997,96,4.5,Diablo,1987
Sugar Shake,2003/05/02,filly,,,,,,,,
Sweetheart Rose,2003/02/27,filly,,,,,,,,
Temporary Saint,2003/03/10,gelding,90,4.6,No Foul Play,1994,98,7.8,Great Gladiator,1977
Victorian Rose,2003/02/02,filly,93,3.2,Here's to You,1996,99,16.4,Bertrando,1989
Wasabi King,2003/04/10,gelding,,,,,,,,
Whispering Meadows,2003/01/28,filly,,,,,,,,
Whosaidicouldn't,2003/02/24,colt,36,0.4,Letem Talk,1995,88,2.0,Vigors,1973
Witch Woman,2003/02/19,filly,94,4.0,Ms. Deep Pockets,1996,94,4.0,Buckaroo,1975
Won Awesome Dude,2003/01/15,gelding,94,9.1,Lil Punkindo,1998,97,5.9,Maria's Mon,1993
Unnamed,2004/05/27,colt,,,,,,,,
Unnamed,2004/04/06,colt,,,,,,,,
Altama,2004/05/13,colt,13,0.1,Rive Du Sud,1987,54,2.2,Nureyev,1977
Amazi,2004/02/27,filly,,,,,,,,
Archer City Miss,2004/02/23,filly,,,,,,,,
At Home,2004/03/04,filly,18,0.1,Beloved by All,1998,88,2.6,Rubiano,1987
Awesome Adventure,2004/04/26,colt,,,,,,,,
Awesome Alexandra,2004/06/10,filly,79,2.2,Alma Mater Ohio,1995,94,4.0,Kyle's Our Man,1988
Awesome Betty,2004/01/24,filly,,,,,,,,
Awesome Catch,2004/02/19,filly,58,0.7,Catcher,1994,91,2.7,Storm Cat,1983
Awesome Chance,2004/05/16,gelding,61,0.9,Lady Chance,1997,86,2.4,Carson City,1987
Awesome Colby,2004/05/02,gelding,51,0.6,Allie,1995,,,Bayou Hebert,1981
Awesome Feat,2004/02/20,filly,85,2.1,Bold Feat,1997,89,2.4,Capote,1984
Awesome Hero,2004/01/26,colt,,,,,,,,
Awesome Rose,2004/03/26,filly,,,,,,,,
Awesome Shine,2004/04/07,gelding,43,0.4,Pleasant Sunshine,1993,,,Pleasant Colony,1978
Awesome Tri,2004/03/28,filly,,,,,,,,
Baltic,2004/03/23,colt,51,0.6,Attemptress,2000,97,5.7,Meadowlake,1983
Bellafina,2004/02/01,filly,45,0.5,Belle's Appeal,1996,97,6.1,Valid Appeal,1972
Blossom Again,2004/03/11,filly,23,0.2,Snowberg,1995,98,10.9,Seattle Sleet,1990
Candy Wrap,2004/02/18,filly,,,,,,,,
Cascade Cool,2004/05/03,gelding,33,0.3,Ropersandwranglers,1993,98,7.4,Endow,1986
Castle Rose,2004/05/04,filly,66,1.0,Touching,1996,94,3.9,Kris S.,1977
Chance for Gold,2004/05/12,filly,24,0.2,Lily O'Gold,1995,97,6.0,Slew o' Gold,1980
Cheeky Jones,2004/05/09,gelding,,,,,,,,
Clear Thinking,2004/02/16,filly,93,3.6,Crystal Shard,1994,,,Mr. Prospector,1970
Code Variance,2004/03/10,filly,,,,,,,,
Country Again,2004/02/17,filly,,,,,,,,
Daaher,2004/02/28,colt,,,,,,,,
Dancing Preacher,2004/04/20,colt,,,,,,,,
Dattts Awesome,2004/03/12,filly,78,2.2,Promenade Colony,1992,64,1.5,Pleasant Colony,1978
Discombobulated,2004/03/24,gelding,65,1.0,Jeb,1989,90,3.8,Jeblar,1982
Discord,2004/03/29,colt,53,0.6,Princess Ruckus,1997,88,4.8,Bold Ruckus,1976
Domoron Again,2004/02/21,colt,53,0.7,Nanie's Dinner,1997,95,5.6,State Dinner,1975
Done That,2004/02/25,gelding,58,1.3,Summit Park,1995,90,2.6,A.P. Indy,1989
Edwardian,2004/03/03,colt,88,2.4,Cozzena Cozzena,1997,76,1.4,Cozzene,1980
Especially Awesome,2004/01/16,filly,,,,,,,,
Eva Maria,2004/01/02,filly,29,0.3,Royal Fact,1998,93,5.4,Known Fact,1977
Farsi Strada,2004/03/24,filly,1,0.0,Alda's Will,1993,77,1.2,Gallapiat,1973
First At the Wire,2004/01/10,filly,,,,,,,,
Fortunate Song,2004/01/30,gelding,48,0.7,Ahead by a Century,1996,95,4.6,Slew City Slew,1984
Forty Three Phila,2004/05/02,gelding,57,0.8,Wood of Binn,1991,94,4.0,Woodman,1983
Game Informer,2004/03/02,gelding,67,1.5,Lucette,1998,90,2.4,Dayjur,1987
Ghost Hour,2004/05/12,gelding,83,3.1,Dark Hours,1992,96,7.5,Dynaformer,1985
Great Squawk,2004/04/16,filly,57,1.2,Squawk,1997,,,Mountain Cat,1990
Guidance,2004/03/26,filly,85,2.1,Heavenly Advice,1994,89,2.4,Theatrical (IRE),1982
Halloween Dance,2004/03/01,filly,83,4.4,Tap to Music,1995,99,23.3,Pleasant Tap,1987
Holy Rock,2004/03/20,colt,69,2.0,Holy Blitz,1997,96,5.6,Holy Bull,1991
I Never Bluff,2004/05/01,filly,,,,,,,,
In Charge Again,2004/02/17,gelding,73,1.1,My Dear Abby,1996,93,3.5,Horatius,1975
Intuition Magic,2004/05/03,gelding,75,1.6,Reinfree,1997,4,0.0,Unbridled,1987
Kalookan Boss,2004/01/25,colt,71,1.2,Devil's Dispute,1989,56,0.4,Devil's Bag,1981
Katabatic,2004/02/07,colt,,,,,,,,
King Alliance,2004/02/18,gelding,38,0.4,Valid Carnauba,1989,88,2.3,Valid Appeal,1972
Lady's Game,2004/02/14,filly,1,0.0,Unbridled Lady,1996,93,4.2,Unbridled,1987
Laser,2004/03/03,colt,62,0.9,Speed to Burn,1999,90,2.7,Red Ransom,1987
Let Joy Reign,2004/02/02,filly,,,,,,,,
Libertarian,2004/02/07,colt,57,0.7,Colonial Minstrel,1994,98,12.1,Pleasant Colony,1978
Market Value,2004/03/19,colt,75,1.2,Interest Only,1998,88,6.7,Crafty Prospector,1979
Miracle Rose,2004/02/16,filly,,,,,,,,
Miss Laylee,2004/03/14,filly,73,1.2,Love and Marry,1998,72,3.9,Known Fact,1977
Moneymoneymoney,2004/03/01,gelding,81,2.1,Currency Quest,1993,75,2.0,Cryptoclearance,1984
Nano,2004/02/25,filly,,,,,,,,
One Step Better,2004/01/24,filly,30,1.0,Valid Leader,1995,90,3.4,Valid Appeal,1972
Pirate's Legacy,2004/05/26,filly,,,,,,,,
Poppy's Punkin,2004/05/02,gelding,89,2.7,Poppy's Passion,1986,98,7.5,Miswaki,1978
Razor Shark,2004/05/18,gelding,77,1.1,Bar U Mood,1990,96,6.3,Saratoga Six,1982
Ruby Crown,2004/02/18,filly,95,4.3,Brandy Rose,1994,98,7.2,Distinctive Pro,1979
Small Wonder,2004/04/09,filly,,,,,,,,
Spirited Away,2004/04/11,filly,90,5.7,Cape North,1993,63,0.8,Capote,1984
Spiritual Advisor,2004/04/13,colt,,,,,,,,
Star Singer,2004/05/16,filly,,,,,,,,
Stormin' Again,2004/03/05,colt,38,0.4,Storm Runner,1993,77,2.5,Miswaki,1978
Tessa Blue,2004/01/31,filly,1,12.9,Blue Sky Princess,1992,95,10.6,Conquistador Cielo,1979
Timber Cove,2004/04/09,colt,,,,,,,,
Wabi,2004/03/13,filly,,,,,,,,
Waltz to Victory,2004/03/20,filly,,,,,,,,
West Roses,2004/03/15,filly,76,1.4,Cat Play,1999,30,0.1,Storm Cat,1983
Unnamed,2005/03/25,filly,,,,,,,,
Unnamed,2005/03/03,colt,,,,,,,,
Unnamed,2005/05/11,filly,,,,,,,,
Unnamed,2005/02/20,colt,,,,,,,,
Unnamed,2005/06/05,colt,,,,,,,,
Ab Fab,2005/03/10,gelding,45,0.8,Fabulous,1995,30,0.1,Seeking the Gold,1985
Air Chart,2005/05/15,gelding,,,,,,,,
Al Asayl Rose,2005/04/16,filly,1,0.0,Eden,1998,57,1.5,Holy Bull,1991
Alpha Luck,2005/04/19,filly,92,1.9,Alpha Light,2000,51,1.5,Alphabet Soup,1991
Amadeus Musicus,2005/03/14,gelding,,,,,,,,
Awedacious Caren,2005/04/10,filly,,,,,,,,
Awesome Affair,2005/03/17,gelding,56,0.6,Bygone Blues,2000,,,Colonial Affair,1990
Awesome Chic,2005/02/21,filly,93,5.9,Trading,1995,95,3.5,A.P. Indy,1989
Awesome Easton,2005/05/26,gelding,52,1.0,Gregorian Chance,1996,89,7.4,American Chance,1989
Awesome I Am,2005/02/20,filly,89,6.3,Facts of Winning,1998,,,Known Fact,1977
Awesome Kris,2005/05/12,filly,54,1.0,Kris Is It,1996,84,1.6,Kris S.,1977
Awesome Launch,2005/02/19,colt,69,1.3,Sunny Laugh,1997,89,3.3,Relaunch,1976
Awesome Moment,2005/05/11,filly,86,2.0,Turkappeal,1993,95,4.9,Turkoman,1982
Awesome Six,2005/04/26,filly,79,2.7,Perfect Six,1996,98,7.9,Saratoga Six,1982
Barreling Home,2005/04/23,gelding,,,,,,,,
Bloomin' Ghost,2005/02/14,gelding,42,0.5,Maria's Mirage,1999,98,6.4,Maria's Mon,1993
Blooming Love,2005/03/12,filly,,,,,,,,
Bolero Queen,2005/01/27,filly,,,,,,,,
Bonafide Gift,2005/02/11,filly,,,,,,,,
Cat Witch,2005/01/27,filly,,,,,,,,
Coletta,2005/03/19,filly,,,,,,,,
Comeback Kid,2005/01/15,colt,,,,,,,,
Dream Again,2005/02/24,colt,60,1.8,Classy Mirage,1990,99,22.0,Storm Bird,1978
Dream Realized,2005/03/08,filly,,,,,,,,
El Vigilante,2005/02/12,colt,,,,,,,,
Elfriede,2005/05/01,filly,50,0.6,Festive Madam,1998,88,2.3,Festive,1985
Elsebeeb,2005/04/16,gelding,,,,,,,,
Encanto,2005/06/04,gelding,92,2.9,Serape,1988,98,11.8,Fappiano,1977
Fidelio,2005/03/17,colt,89,3.5,Betty B,1999,71,1.0,Devil's Bag,1981
Forbitten Cherry,2005/05/24,filly,,,,,,,,
Forestdale,2005/05/06,colt,,,,,,,,
Fusaichi P J (JPN),2005/05/18,colt,81,8.4,Really Rising,1994,61,1.1,For Really,1987
Gazumba,2005/03/03,gelding,76,1.9,Diadella,1997,98,12.8,Diesis (GB),1980
Giant Genius,2005/04/27,colt,,,,,,,,
Herz Boy,2005/05/09,gelding,52,0.7,Little Hero,1997,74,1.4,Valley Crossing,1988
I Am Awesome,2005/04/12,gelding,68,1.6,I Certainly Am,1990,86,1.7,Affirmed,1975
Just Awesome (JPN),2005/01/01,colt,1,0.0,Ransom the Dreamer,1995,64,4.8,Red Ransom,1987
Magnific,2005/05/13,colt,,,,,,,,
Major Force,2005/04/30,colt,,,,,,,,
Metal Marble,2005/03/28,gelding,30,0.3,Kurba,1991,77,5.1,Theatrical (IRE),1982
Milarita,2005/02/25,filly,,,,,,,,
Mille Grazie,2005/03/06,filly,,,,,,,,
Moon Wish,2005/01/31,filly,81,1.5,Wildaboutyouagain,1995,87,2.3,Risen Star,1985
Nice Again,2005/03/26,filly,,,,,,,,
No Penicillin,2005/03/06,filly,,,,,,,,
Nord Stern,2005/05/10,gelding,,,,,,,,
One to Know,2005/04/27,filly,43,0.4,Inspirational,1998,,,Lord At War (ARG),1980
Oso de Yen,2005/05/16,colt,10,0.1,Operate Quick,1988,70,0.6,Dr. Schwartzman,1981
Palmerstown,2005/04/15,gelding,63,1.0,My Chanel,1999,77,1.2,Gilded Time,1990
Pink Hibiscus,2005/02/16,filly,,,,,,,,
Racing Bran,2005/04/17,gelding,92,5.2,Believe Big Bran,1997,90,2.4,I Can't Believe,1988
Red Pine,2005/04/02,filly,89,2.5,Undercover,1999,97,6.5,Allen's Prospect,1982
Rose Bouquet,2005/02/11,filly,14,0.1,A. P. Andie,1998,89,3.0,Star de Naskra,1975
Rose Garland,2005/04/01,filly,,,,,,,,
Rubaiyat,2005/03/06,gelding,,,,,,,,
Sangaree,2005/02/10,colt,,,,,,,,
Seminary Field,2005/02/02,gelding,17,0.1,Holy Way,1999,61,0.6,Holy Bull,1991
Smoke Trail,2005/05/03,gelding,73,1.1,Great Beauty,1995,83,2.1,Great Gladiator,1977
Spacy Tracy,2005/03/08,filly,95,8.8,Tracy,1996,94,3.7,Theatrical (IRE),1982
Spankin New,2005/02/16,colt,,,,,,,,
Starstream,2005/02/28,filly,74,1.3,Dominique's Slew,1999,,,Seattle Slew,1974
Stormzapper,2005/02/07,gelding,59,0.5,Capture a Star,1999,,,Capote,1984
Surrealdeal,2005/03/10,gelding,71,1.3,Mom's Appeal,1998,85,1.8,Valid Appeal,1972
Sweet Gladys,2005/03/11,filly,84,2.0,Honey Eyed,1998,97,5.0,Lite the Fuse,1991
Terina,2005/03/02,filly,52,0.6,Yekaterina,1993,,,Strawberry Road (AUS),1979
Thunder Mountain,2005/02/23,gelding,56,0.7,Knot So Clever,1996,82,3.0,Twining,1991
Track Attack,2005/03/19,gelding,,,,,,,,
Truly Noble,2005/02/19,filly,,,,,,,,
Turbo Tony,2005/02/08,gelding,,,,,,,,
Vice Minister,2005/04/24,colt,,,,,,,,
Victorious Again,2005/05/17,filly,,,,,,,,
Weekend At the Spa,2005/03/10,gelding,15,0.1,Quiet Weekend,1999,69,2.3,Quiet American,1986
Unnamed,2006/02/09,filly,,,,,,,,
Unnamed,2006/05/08,filly,,,,,,,,
Unnamed,2006/04/23,gelding,,,,,,,,
Unnamed,2006/04/26,filly,,,,,,,,
A'mour Encore,2006/01/29,filly,,,,,,,,
Act Quickly,2006/03/07,filly,90,2.5,Instant Thought,2000,1,0.0,Kris S.,1977
Alamanda Drive,2006/05/14,filly,77,1.5,Dante's Mary,1999,,,Boston Harbor,1994
Allrightsreserved,2006/04/03,colt,,,,,,,,
Alpha Wave,2006/05/15,colt,,,,,,,,
Andhaar,2006/01/30,colt,,,,,,,,
Attaboy Billy,2006/02/06,gelding,,,,,,,,
Attractive One,2006/05/24,filly,,,,,,,,
Auxerrois,2006/02/16,colt,61,4.2,Sixtyone Margaux,1999,96,4.7,Cozzene,1980
Awesome Actor,2006/05/19,colt,81,2.1,Dramatical,1989,20,0.0,Theatrical (IRE),1982
Awesome Country,2006/03/12,colt,,,,,,,,
Awesome Ending,2006/04/18,gelding,21,0.2,Holy Lightning,1998,43,0.4,Holy Bull,1991
Awesome Fleet,2006/03/10,filly,1,0.0,Maggy Hawk,1994,86,1.7,Hawkster,1986
Awesome Grannie,2006/04/29,filly,90,3.3,Grandpa's Gray,1997,50,0.4,Cozzene,1980
Awesome Horsepower,2006/05/06,gelding,56,0.6,Capitol View,1995,94,5.4,Sports View,1987
Awesome Medicine,2006/03/03,filly,,,,,,,,
Awesome Mich,2006/03/31,gelding,71,1.3,Mymich,2000,92,3.6,A.P. Indy,1989
Awesome One,2006/02/26,filly,,,,,,,,
Awesome Style,2006/03/03,filly,38,0.4,Vintage Champagne,2000,1,0.0,A.P. Indy,1989
Awesome Surprise,2006/04/30,filly,,,,,,,,
Blank Check,2006/04/03,colt,74,1.6,Jostlin Kate,1999,51,0.6,Fit to Fight,1979
Burgee,2006/02/17,colt,,,,,,,,
Cool Dude,2006/04/14,gelding,,,,,,,,
Countess Imperio,2006/04/13,filly,,,,,,,,
Distinctively,2006/04/24,filly,92,3.0,Heavenly Prize,1991,99,69.4,Seeking the Gold,1985
Eloise,2006/04/17,filly,,,,,,,,
Everyday Heroes,2006/02/27,colt,,,,,,,,
Golden Larkspur,2006/03/30,filly,,,,,,,,
Golden Mystery,2006/05/20,filly,94,6.8,Mysterious Angel,1999,42,1.5,Saint Ballado,1989
Gone Awesome,2006/02/27,gelding,74,1.4,Gone to Venus,1991,98,7.7,Gone West,1984
Good Fun,2006/03/26,filly,,,,,,,,
Great Crusade,2006/04/01,gelding,60,0.9,Victory U. S. A.,2001,96,17.2,Victory Gallop,1995
Hansom Cab,2006/02/05,filly,,,,,,,,
Harpers Land,2006/04/21,gelding,65,0.8,Flower Forest,2000,98,5.9,Kris S.,1977
Hiptopia,2006/02/09,gelding,49,0.5,Tersa,1986,72,7.1,Mr. Prospector,1970
Ice Mint,2006/02/06,filly,89,2.3,Icelips,1999,84,1.6,Unbridled,1987
Image and Likeness,2006/04/19,gelding,,,,,,,,
Lejadami,2006/03/03,colt,,,,,,,,
Letavitsa,2006/01/15,filly,,,,,,,,
Logic,2006/02/01,gelding,46,0.5,Storm to Glory,1999,95,3.7,Storm Bird,1978
Lotsofawe,2006/03/04,filly,39,0.5,Galore,1997,49,0.3,Gulch,1984
Luv U Again,2006/04/09,filly,,,,,,,,
Magic Colour,2006/04/23,filly,68,1.1,Totally Cosmic,1999,89,3.4,Cozzene,1980
Majhood,2006/01/21,colt,60,1.2,Beyond Venus,2002,,,War Chant,1997
Maria Magdalena,2006/04/04,filly,,,,,,,,
Montmartre,2006/03/30,colt,16,0.1,Sacre Coeur,2000,94,3.6,Saint Ballado,1989
Mutasaddy,2006/02/15,gelding,36,0.4,Setareh,1997,95,5.9,Sky Classic,1987
Nakayama Tiger,2006/04/15,colt,7,0.2,Knock Off,1995,69,1.5,Fit to Fight,1979
Ninja of Love,2006/02/23,filly,,,,,,,,
Oxtankah,2006/02/13,colt,0,0.6,Kimme a Star,1997,81,1.5,Star de Naskra,1975
Papal Decree,2006/03/01,colt,33,0.3,Saintly Persuasion,2000,94,4.9,Saint Ballado,1989
Platinum Nights,2006/04/21,filly,,,,,,,,
Polterer,2006/01/22,gelding,,,,,,,,
Proud Again,2006/03/17,filly,,,,,,,,
Schochoh Road,2006/01/16,filly,37,0.4,Skip Lightly,1998,78,1.2,Skip Trial,1982
Sense of Honor,2006/03/27,gelding,,,,,,,,
She's Awesome,2006/04/24,filly,18,0.1,Tri's Passion,2000,87,2.9,Tri for the Gold,1990
Shining Force,2006/05/17,filly,,,,,,,,
Shopping Again,2006/03/26,filly,1,0.0,Shop Till You Drop,1999,90,4.2,Thunder Gulch,1992
Siberian Arrow,2006/02/12,colt,2,0.1,Miss Kate,1998,82,3.1,Storm Cat,1983
Snapshot,2006/05/18,gelding,71,2.5,Cajun Flash,1997,99,9.2,Bertrando,1989
Soaring Sun,2006/03/15,colt,,,,,,,,
Son of a Ghost,2006/05/04,gelding,,,,,,,,
Springside,2006/01/31,filly,94,9.5,Folly Dollar,1997,96,4.4,Digression,1987
Starter for Ten,2006/02/11,filly,,,,,,,,
Storm Wind,2006/05/04,gelding,,,,,,,,
Swatman,2006/04/23,gelding,,,,,,,,
Two Brash,2006/02/02,gelding,82,1.8,Impolite,2000,95,3.9,Two Punch,1983
Ultra Awesome,2006/04/22,filly,,,,,,,,
Up for the Fight,2006/03/30,filly,40,0.4,Changing Seasons,1996,83,2.1,Katowice,1987
Well Positioned,2006/04/09,colt,,,,,,,,
Whiskey Point,2006/04/23,gelding,23,0.2,Rachel's Halo,1995,46,0.3,Sunny's Halo,1980
Wolf Mountain,2006/04/23,gelding,,,,,,,,
Unnamed,2007/03/23,filly,,,,,,,,
Unnamed,2007/04/11,colt,,,,,,,,
Amazing Storm,2007/03/14,filly,34,0.3,Lost in the Storm,2003,,,Storm Cat,1983
Askari,2007/04/08,colt,44,0.4,Alpha Heat,1999,95,8.3,Alphabet Soup,1991
Atlantic Park,2007/03/30,filly,,,,,,,,
Awesome Eleanor,2007/05/19,filly,,,,,,,,
Awesome Encore,2007/03/06,gelding,70,1.8,Scioto Bootski,1998,94,3.5,Storm Boot,1989
Awesome Kisses,2007/03/30,gelding,70,1.0,Alphabet Kisses,2001,98,13.3,Alphabet Soup,1991
Awesome Liberty,2007/03/07,filly,,,,,,,,
Awesome Now,2007/02/02,colt,,,,,,,,
Awesome Start (IRE),2007/04/24,filly,,,,,,,,
Awesome Temper,2007/04/22,filly,15,0.1,Divine Angel,1999,64,2.0,Matty G,1993
Awesome Vow,2007/03/19,filly,76,2.0,Good as Her Word,2001,87,2.5,Alphabet Soup,1991
Awesome Yodel,2007/05/20,filly,,,,,,,,
Awesomo,2007/02/12,gelding,45,0.4,Tersa,1986,72,7.1,Mr. Prospector,1970
Azart Vtoroj,2007/03/23,colt,,,,,,,,
Bloom Again (JPN),2007/04/19,gelding,25,0.1,Tiz Royalty,2000,92,3.0,Cee's Tizzy,1987
Blu Jon,2007/05/09,gelding,72,2.8,Alpha Mama,1999,82,1.4,Unbridled's Song,1993
Blue Bandito,2007/02/22,colt,,,,,,,,
Bubble Gum,2007/01/26,filly,,,,,,,,
Buying Power,2007/04/04,filly,,,,,,,,
Caftan,2007/03/29,filly,83,1.8,Jilbab,1999,95,14.2,A.P. Indy,1989
Candado,2007/04/23,colt,,,,,,,,
Cat Wiesel,2007/04/04,filly,76,1.3,Jade Eyed,1999,99,10.5,Friendly Lover,1988
Chiloe,2007/02/16,filly,95,4.2,Christmas Star,1994,98,7.3,Star de Naskra,1975
Classic Affair,2007/04/04,filly,,,,,,,,
Coral Key,2007/01/31,gelding,,,,,,,,
Danon Suzuran (JPN),2007/02/17,filly,,,,,,,,
Do It Again Henry,2007/02/08,colt,12,0.1,Seattle Queen,2000,73,2.7,Seattle Slew,1974
Fair and Square,2007/03/31,filly,,,,,,,,
Fit and Awesome,2007/02/13,gelding,,,,,,,,
Forever Awesome,2007/02/12,colt,63,0.9,Caprice Miss,2002,94,3.7,Golden Missile,1995
Game On Dude,2007/04/26,gelding,99,69.6,Worldly Pleasure,2000,86,2.3,Devil His Due,1989
Giant's Tomb,2007/03/25,gelding,89,3.5,Song of the Wild,1998,99,12.3,Gone West,1984
Gota Agua,2007/04/05,colt,,,,,,,,
Happy Clapper,2007/02/04,filly,,,,,,,,
Harvest King,2007/03/12,gelding,68,0.8,Right Daddy,2002,98,7.0,Yes It's True,1996
Inkvizitor,2007/03/03,colt,,,,,,,,
Just,2007/05/16,filly,,,,,,,,
Just Alright,2007/04/20,colt,18,0.1,Marina Light,2002,74,1.3,Colony Light,1989
Kahshe,2007/02/15,filly,18,0.1,Silver Bird,2001,97,9.3,Lit de Justice,1990
Look Awesome,2007/05/01,filly,,,,,,,,
Lucky Irish Day,2007/02/20,gelding,69,1.2,Dispersed Reward,1998,89,2.4,Dispersal,1986
Lucky Stride,2007/01/22,gelding,,,,,,,,
Manzanilla,2007/03/29,filly,,,,,,,,
Medomak,2007/05/06,filly,15,0.1,Wiscasset,2000,,,Kris S.,1977
Mulhima,2007/03/02,filly,,,,,,,,
No Longer With Us,2007/04/20,colt,,,,,,,,
Okoboji View,2007/04/17,colt,25,0.2,Zinfandoll,1994,97,5.3,Sky Classic,1987
Prime Zip,2007/03/01,filly,,,,,,,,
Repeat Winner,2007/03/15,gelding,23,0.2,Ardum Relaunch,1999,91,3.4,Cee's Tizzy,1987
Reprise,2007/03/18,gelding,56,0.7,Curriculum,1999,,,Danzig,1977
Rosalinda,2007/04/03,filly,62,0.9,Gentle Ridge,2002,29,0.3,Bertrando,1989
Round N Round,2007/04/05,filly,,,,,,,,
Royal Heart,2007/03/31,filly,30,0.2,Siphonette,2001,68,1.0,Siphon (BRZ),1991
S' Avall,2007/02/03,filly,,,,,,,,
Sacred Ground,2007/01/20,colt,75,1.9,Moonlight Affair,1998,98,9.2,Friendly Lover,1988
Sassy Minx,2007/01/29,filly,,,,,,,,
Seco,2007/04/11,colt,45,0.4,Lentil,1999,90,2.8,Alphabet Soup,1991
Sharp Instinct,2007/02/07,filly,,,,,,,,
Spotfire,2007/04/13,colt,49,0.8,Wakigoer,1994,85,1.9,Miswaki,1978
Surreptitiously,2007/04/21,colt,60,1.1,Country Hideaway,1996,99,16.8,Seeking the Gold,1985
Thrill Factor,2007/03/31,gelding,59,0.7,Forever Paradise,2002,23,0.2,Tour d'Or,1982
Tiberian,2007/03/28,colt,,,,,,,,
Tiran,2007/05/21,colt,,,,,,,,
Tomcat Jack,2007/04/05,colt,,,,,,,,
World Record,2007/01/25,gelding,68,1.0,Finder's Fee,1997,99,10.2,Storm Cat,1983
Yarda,2007/04/29,filly,11,0.1,Mila,1998,73,3.1,Unbridled,1987
Yo Tambien,2007/04/19,gelding,79,1.5,Ruby Mist,2000,90,2.4,Red Ransom,1987
Unnamed,2008/03/28,colt,,,,,,,,
A Shin Burlington (JPN),2008/02/18,colt,71,2.6,Vermont Girl,1997,75,2.5,Mi Cielo,1990
Addicted Again,2008/04/08,gelding,5,0.0,Addicted,1998,84,1.8,Broad Brush,1983
All Time High,2008/03/27,filly,16,0.1,Oh What a Windfall,1996,93,8.4,Seeking the Gold,1985
Allura,2008/03/04,filly,61,0.9,Promise One,2002,71,0.9,Old Trieste,1995
Amen Again,2008/03/13,filly,55,0.7,Praise,1994,96,4.5,Mr. Prospector,1970
And Away We Go,2008/02/16,filly,,,,,,,,
Away Again,2008/04/26,filly,,,,,,,,
Awe Hush,2008/05/04,filly,88,2.7,Silent Stream,1997,97,7.3,Tricky Creek,1986
Awesome Acasha,2008/05/02,filly,,,,,,,,
Awesome Arceno,2008/04/07,gelding,,,,,,,,
Awesome Asset,2008/02/04,filly,1,0.0,Authorized Staff,1990,85,2.0,Relaunch,1976
Awesome Attack,2008/04/12,colt,69,1.1,Lady Bertrando,2002,69,1.6,Bertrando,1989
Awesome Bet,2008/04/07,colt,,,,,,,,
Awesome Brady,2008/02/17,gelding,31,0.3,Kobella Bean,2001,42,0.2,Mecke,1992
Awesome Delight (IRE),2008/05/07,gelding,0,0.8,Flight Delight,1994,93,4.2,Lear Fan,1981
Awesome Effort,2008/03/24,filly,,,,,,,,
Awesome Jojo,2008/02/10,colt,,,,,,,,
Awesome Merger,2008/02/17,gelding,51,0.9,Merger of Equals,2002,70,1.6,Holy Bull,1991
Awesome Natasha,2008/03/03,filly,11,0.1,Nigella,2001,,,Cozzene,1980
Awesome Patriot,2008/03/17,colt,,,,,,,,
Awesome Princess (VEN),2008/04/14,filly,,,,,,,,
Awesome Review,2008/04/16,gelding,64,0.8,Lil Broad Tee,2003,94,4.2,Lil E. Tee,1989
Awesome Symmetry,2008/04/23,filly,94,3.7,Valid Symmetry,1992,96,5.7,Valid Appeal,1972
Awesome Wonderer,2008/04/17,gelding,,,,,,,,
Awesomechristopher,2008/02/26,colt,36,0.3,Ellensburg,1997,80,1.6,Personal Flag,1983
Awesomemundo,2008/05/08,filly,98,7.8,One Fine Shweetie,1999,92,3.7,Shuailaan,1989
Awestruck Girl,2008/03/30,filly,,,,,,,,
Bahia Beach,2008/05/08,filly,84,1.9,Pop Princess,2000,89,6.2,Alphabet Soup,1991
Callmethesqueeze,2008/04/06,filly,89,3.8,Mop Squeezer,1996,86,2.5,Roanoke,1987
Cherry Sherry,2008/03/05,filly,,,,,,,,
Cheyenne Chief,2008/03/19,gelding,,,,,,,,
Cookngoodlookn,2008/04/04,filly,10,0.1,Gourmet Girl,1995,99,18.9,Cee's Tizzy,1987
Cozy Sunset,2008/03/31,filly,48,0.4,Cozy Star,1996,79,3.1,Cozzene,1980
Crystallo,2008/03/16,filly,,,,,,,,
D. C. Gene,2008/04/10,gelding,50,0.5,Cozzena Cozzena,1997,76,1.4,Cozzene,1980
Daiwa Roots (JPN),2008/04/09,colt,,,,,,,,
Dawly,2008/03/31,gelding,90,5.0,Usrah,2003,,,Tiznow,1997
Dream Big,2008/04/29,filly,63,0.9,Mandy's Gold,1998,99,18.6,Gilded Time,1990
Elle Again,2008/02/03,filly,,,,,,,,
Engelberg,2008/05/25,gelding,,,,,,,,
Exact Again,2008/03/26,gelding,48,0.6,Exact,1996,95,4.4,Twining,1991
Fact Is Im Awesome,2008/04/27,gelding,22,0.2,Royal Fact,1998,93,5.4,Known Fact,1977
Futurista,2008/03/13,filly,86,2.3,Raise a Beauty,1991,61,0.9,Alydar,1975
Gallant Mambo (AUS),2008/09/05,colt,0,1.1,Mambo Chatte,2001,,,Kingmambo,1990
Go Go Lolo,2008/05/08,filly,86,3.9,Selena Rose,1999,89,2.3,Honour and Glory,1993
Golddigging,2008/04/08,gelding,23,0.2,Finder's Fee,1997,99,10.2,Storm Cat,1983
Hammer Home,2008/03/14,colt,60,0.7,Alicita My Love,2000,86,2.4,Birdonthewire,1989
Harry Dexter,2008/04/04,colt,76,1.2,Field of Dreams,1997,94,3.4,Meadowlake,1983
I'm Just Awesome,2008/03/05,filly,,,,,,,,
Ibelievein U and I,2008/03/14,filly,,,,,,,,
In My Shadow,2008/01/05,gelding,7,0.0,Woodland Shadow,1999,56,1.1,Woodman,1983
Jade Glory Again,2008/02/16,gelding,60,0.7,Awesome Glory,2001,91,3.1,Honour and Glory,1993
Janie Sue,2008/04/15,filly,,,,,,,,
Just Married,2008/04/07,filly,,,,,,,,
Kingster,2008/03/07,colt,,,,,,,,
La Papessa (IRE),2008/03/05,filly,32,0.6,T C Kiss,1998,84,1.9,Judge T C,1991
Light Your World,2008/04/23,filly,82,2.5,Stop the Lights,2003,68,1.0,Storm Cat,1983
Little Whiskey,2008/04/29,gelding,37,0.4,Laurafina,2002,96,5.6,Cozzene,1980
Look Homeward,2008/03/17,filly,27,0.3,Angel Trumpet,2002,91,3.9,Cape Canaveral,1996
Mintlips,2008/02/27,filly,65,1.0,Icelips,1999,84,1.6,Unbridled,1987
Ms. Alias Smith,2008/02/16,filly,34,0.3,Paula Smith,1999,85,3.1,Red Ransom,1987
National,2008/04/19,gelding,82,1.9,Styler,1999,98,7.2,Holy Bull,1991
New Outlook,2008/05/05,colt,86,2.3,Tikkanita,2000,90,3.6,Cozzene,1980
Norma's Dream,2008/05/02,filly,60,0.8,Donna's Doll,2002,81,2.5,Pleasant Tap,1987
Ohbabyobeyme,2008/05/12,filly,,,,,,,,
Patriot's Voyage,2008/05/19,colt,75,3.0,Forest Secrets,1998,98,13.7,Forest Wildcat,1991
Piamento,2008/02/14,gelding,77,1.9,Maysville,2002,91,2.8,Notebook,1985
Pleasant Vale,2008/04/20,filly,14,0.1,Sweet Vale,1997,25,0.1,Wild Again,1980
Post Oak,2008/05/03,colt,,,,,,,,
Pretty Awesome,2008/04/13,gelding,,,,,,,,
Prospect Knight,2008/04/11,gelding,78,1.6,Skip Trial Miss,1997,79,1.5,Skip Trial,1982
Punched Again,2008/05/05,colt,,,,,,,,
Purely Awesome,2008/04/05,colt,71,1.1,Pure Wool,1993,90,3.4,Relaunch,1976
Quilchena Park,2008/03/10,gelding,42,0.4,Storm Forcast,2002,83,1.9,Slew Gin Fizz,1991
Rally Again,2008/04/04,colt,,,,,,,,
Renewing,2008/04/23,colt,60,1.0,Changing Seasons,1996,83,2.1,Katowice,1987
Rushmore,2008/06/01,colt,,,,,,,,
Russian Tiger,2008/03/26,colt,,,,,,,,
Saikyo Fast (JPN),2008/05/08,filly,1,0.0,Dulce Amor,2003,8,0.1,Cozzene,1980
Secret Asset,2008/02/19,filly,9,0.1,Smuggler,2002,98,25.7,Unbridled,1987
Signature Event,2008/03/09,gelding,65,1.0,Calico Flower,2003,,,Bertrando,1989
Skating,2008/01/18,filly,92,2.9,Melody Maiden,2001,89,2.4,Saint Ballado,1989
Sra. Bella,2008/03/09,filly,60,0.6,Holy Way,1999,61,0.6,Holy Bull,1991
Stone Harbor Rich,2008/02/24,gelding,21,0.2,Holy Spark,2000,77,1.6,Holy Bull,1991
Stunning Split,2008/05/07,gelding,69,1.9,Split the Arrow,1999,84,1.7,Smart Strike,1992
Sweet Again,2008/02/16,filly,,,,,,,,
True Temper,2008/02/29,filly,,,,,,,,
Uncut Stone (IRE),2008/03/08,gelding,14,0.1,Suitably Discreet,1998,,,Mr. Prospector,1970
Vitae,2008/04/05,filly,87,2.2,Bonita Meadow,1993,98,8.4,Meadowlake,1983
Warrens Heights,2008/02/12,gelding,39,0.4,She's Got Class,1997,12,0.0,Trempolino,1984
Write It Down,2008/02/25,colt,,,,,,,,
Yanolite,2008/01/31,filly,9,0.1,Silent Bull,2001,92,3.2,Holy Bull,1991
Zesty,2008/04/11,filly,,,,,,,,
Unnamed,2009/02/11,gelding,,,,,,,,
Unnamed,2009/03/31,filly,,,,,,,,
Unnamed,2009/03/08,colt,,,,,,,,
Altrista,2009/03/23,gelding,18,0.2,City Band,1994,98,11.2,Carson City,1987
Amazingly Awsome,2009/05/07,colt,,,,,,,,
Anichkov Most,2009/02/14,colt,,,,,,,,
Appia,2009/01/19,filly,,,,,,,,
Arann,2009/04/20,filly,84,1.8,Lakenheath,1998,98,7.4,Colonial Affair,1990
Aunt Glo,2009/02/14,filly,60,0.8,Brisquette,1998,97,5.4,Unbridled's Song,1993
Awesome Address,2009/03/03,gelding,46,0.6,Word of Mouth,2000,,,Saint Ballado,1989
Awesome Alexa,2009/03/08,filly,5,0.0,Chandelle,1995,85,1.8,Crafty Prospector,1979
Awesome Angie,2009/03/21,filly,,,,,,,,
Awesome Bella,2009/06/01,filly,,,,,,,,
Awesome Blitz,2009/04/11,gelding,57,0.8,Petrina Above,1995,94,3.6,Great Above,1972
Awesome Esteem,2009/04/21,colt,18,0.1,Out of Pride,1999,89,3.3,Out of Place,1987
Awesome Gisel,2009/02/06,filly,,,,,,,,
Awesome Intime,2009/05/06,colt,,,,,,,,
Awesome Life,2009/04/30,gelding,,,,,,,,
Awesome Maneuver,2009/03/30,filly,,,,,,,,
Awesome Overture,2009/02/28,gelding,90,5.4,Fifth Overture,2001,80,6.3,Pulpit,1994
Awesome Pearl,2009/02/13,gelding,53,0.5,Gottcha Last,1997,91,2.7,Pleasant Tap,1987
Awesome Story,2009/04/19,filly,54,0.7,Drexel Monorail,1999,95,4.1,Glitterman,1985
Awesome Turn,2009/03/14,filly,,,,,,,,
Awesome Venture (AUS),2009/09/01,filly,,,,,,,,
Awesome Vision,2009/02/27,colt,93,5.0,Blind Canyon,2001,76,1.5,Valley Crossing,1988
Awesome's Eleven,2009/03/14,colt,52,0.6,Remember Love,2002,,,A.P. Indy,1989
Awesomeatthetrack,2009/05/08,filly,38,0.4,Track Gal,1991,93,18.0,Track Barron,1981
Awesomekaylee,2009/04/02,filly,14,0.1,Getcozywithkaylee,2001,89,3.6,Zafarrancho (ARG),1982
Bad Again (ARG),2009/08/11,gelding,,,,,,,,
Balbirelis (VEN),2009/06/04,filly,,,,,,,,
Baron Von Awesome,2009/04/27,colt,14,0.1,Healthy Addiction,2001,98,18.7,Boston Harbor,1994
Bayou Bengal,2009/02/09,gelding,67,1.3,Bayou Breeze,2002,87,5.1,A.P. Indy,1989
Bear Mademoiselle,2009/02/28,filly,72,1.3,Mamselle Aries,2003,90,2.6,Artax,1995
Bruyante,2009/02/12,filly,,,,,,,,
Candy Cookie (ARG),2009/08/14,filly,,,,,,,,
Champion Again,2009/03/24,colt,0,0.2,Arctic Laur,2003,80,2.7,Bold Executive,1984
Clever Bird,2009/02/25,filly,57,0.8,Clever Squaw,1997,,,Rahy,1985
Confidente (IRE),2009/01/18,filly,,,,,,,,
Dafina,2009/04/23,filly,67,1.1,Belle's Appeal,1996,97,6.1,Valid Appeal,1972
Daunting (IRE),2009/05/07,colt,,,,,,,,
Dead On,2009/05/26,gelding,70,1.4,Split the Arrow,1999,84,1.7,Smart Strike,1992
Decisive Move,2009/04/23,gelding,85,3.0,Equilibrate,1993,,,Gone West,1984
Down by Law,2009/03/29,filly,,,,,,,,
Drill Sergeant,2009/02/22,colt,,,,,,,,
Eqtiraan,2009/04/14,filly,,,,,,,,
Ever Awesome,2009/01/24,filly,78,1.8,Dante's Mary,1999,,,Boston Harbor,1994
Fast Falcon,2009/03/18,gelding,77,4.0,My Chickadee,2003,94,4.1,Pleasant Tap,1987
Fille Sauvage,2009/05/04,filly,,,,,,,,
Fryers Well,2009/05/09,gelding,,,,,,,,
Galavant,2009/02/20,filly,65,0.9,Cozzy Flyer,1994,85,1.7,Cozzene,1980
Goldsome,2009/03/18,gelding,54,0.6,Piu Bella,2002,,,Fusaichi Pegasus,1997
Gordias,2009/04/12,colt,7,0.1,Voodoo Dancer,1998,98,27.9,Kingmambo,1990
Gypsy Baron,2009/04/06,gelding,84,1.7,Sea Jewel,2000,86,3.9,Sea Hero,1990
Hanuman,2009/03/04,gelding,,,,,,,,
Havilah,2009/03/14,filly,74,1.0,Herzblatt,1997,94,4.2,Cozzene,1980
He's a Cyclone,2009/01/30,gelding,,,,,,,,
Highly Justin,2009/02/01,colt,57,0.7,Milagra,1998,76,1.6,Maria's Mon,1993
Hip Hop Girl,2009/02/18,filly,10,0.1,Adams Theatre,2003,84,2.4,Honour and Glory,1993
His Royal Highness,2009/03/05,gelding,59,0.9,Royally Chosen,1998,96,12.4,In Excess (IRE),1987
Huge Hope,2009/02/18,filly,36,0.4,Forever Fondre,1991,85,1.9,Shahrastani,1983
I Am Sarah,2009/01/27,filly,,,,,,,,
Interlocking,2009/04/16,filly,1,0.0,Engaging,1994,,,Private Account,1976
Kay One,2009/08/22,gelding,61,0.8,Ms. Riskay,2002,73,1.1,General Royal,1994
Koronatsia,2009/05/04,filly,,,,,,,,
Lady Artemis,2009/04/06,filly,49,0.7,Lady At Peace,1996,92,8.2,Lord At War (ARG),1980
Libertyisawesome,2009/03/11,gelding,11,0.1,Golden Silk,2003,81,2.6,Songandaprayer,1998
Lincoln Flyer,2009/05/06,gelding,37,0.3,Shaggy Mane,2003,92,10.1,Bertrando,1989
Lisa T.,2009/03/31,filly,86,2.5,Supercharger,1995,97,5.5,A.P. Indy,1989
Little Lisa,2009/03/23,filly,11,0.1,Icy Tea,2003,,,Storm Cat,1983
Lovable Warrior,2009/02/16,filly,12,0.1,Beautiful Daniele,2003,91,3.0,A.P. Indy,1989
Lysippe,2009/02/03,filly,,,,,,,,
Magic Fire,2009/02/10,filly,,,,,,,,
Magic Hour,2009/04/16,filly,94,4.6,Affluent,1998,99,25.6,Affirmed,1975
Maltese Again,2009/03/21,colt,27,0.1,Lu Ravi,1995,98,33.3,A.P. Indy,1989
Marsden,2009/04/23,gelding,67,1.1,Sweet Vale,1997,25,0.1,Wild Again,1980
Matar,2009/05/20,gelding,69,1.8,Hero's Love,1988,98,16.8,Hero's Honor,1980
Max Again,2009/03/22,colt,65,1.1,Slew Motion,2002,95,4.5,Slew Gin Fizz,1991
My Friend Nicholas,2009/05/21,colt,1,0.0,My Annette,1996,49,0.1,Red Ransom,1987
Navidad,2009/02/22,gelding,74,1.0,Getback Time,2003,98,8.4,Gilded Time,1990
Nominee,2009/04/18,colt,50,0.5,La Porta,2005,93,3.9,Distorted Humor,1993
Occupancy,2009/04/18,filly,64,0.9,Summer Home,1992,98,9.0,Easy Goer,1986
One Awesomepromise,2009/03/12,filly,10,0.1,Promise One,2002,71,0.9,Old Trieste,1995
Orange Twist,2009/03/19,filly,14,0.1,Unbridled Ambiance,2004,86,2.2,Unbridled Time,1998
Pablo,2009/05/21,colt,,,,,,,,
Paynter,2009/03/04,colt,,,,,,,,
Permanent Wave,2009/02/28,filly,,,,,,,,
Prescott Brown,2009/04/04,gelding,76,1.7,Bird Town,2000,98,26.4,Cape Town,1995
Quick Change,2009/03/22,colt,,,,,,,,
Raise the Flag,2009/02/09,filly,78,2.4,My Flag,1993,96,42.0,Easy Goer,1986
Real Awesome,2009/03/08,gelding,62,0.8,Real Rose,1999,99,13.5,Skip Trial,1982
Recurrent,2009/02/09,gelding,31,0.3,Peace River Lady,1999,89,4.0,Woodman,1983
Revere,2009/05/08,gelding,60,0.8,Praise,1994,96,4.5,Mr. Prospector,1970
Run for Cecila,2009/02/17,filly,45,0.5,Not So Careless,1987,95,5.8,Desert Wine,1980
Smart Cash,2009/03/12,filly,79,2.0,Dynamite Lass,2002,97,5.8,Dynaformer,1985
Sweet Sunset,2009/04/28,filly,,,,,,,,
Trophy Gal,2009/02/08,filly,,,,,,,,
Urania,2009/01/23,filly,64,0.9,Go for Glory,2004,92,2.9,Honour and Glory,1993
Vitellia,2009/02/03,filly,,,,,,,,
Watchnadiamond,2009/04/14,filly,,,,,,,,
With Kim's Help,2009/01/21,filly,9,0.1,Dama,1994,,,Storm Cat,1983
Worshipper,2009/05/09,filly,45,0.4,Preach,1989,86,14.9,Mr. Prospector,1970
You Know Who (ARG),2009/08/05,colt,8,0.1,Your Quote,2003,78,1.4,Belong to Me,1989
Zerbinetta,2009/04/08,filly,41,0.4,Romantic Comedy,2000,90,2.8,A.P. Indy,1989
Unnamed,2010/02/12,colt,,,,,,,,
Unnamed,2010/04/13,filly,,,,,,,,
Unnamed,2010/03/22,filly,,,,,,,,
Awesome Adele,2010/03/31,filly,,,,,,,,
Awesome and Classy,2010/01/29,filly,,,,,,,,
Awesome Bash,2010/04/17,filly,12,0.1,Miss Basha,2004,9,0.1,Tour d'Or,1982
Awesome Buck,2010/03/18,gelding,,,,,,,,
Awesome Crown,2010/04/04,colt,,,,,,,,
Awesome Dude,2010/04/18,gelding,,,,,,,,
Awesome Gale,2010/02/14,filly,0,0.5,Quick Emotions,2004,51,0.7,Golden Missile,1995
Awesome Mama,2010/02/02,filly,85,2.4,Mama Nadine,2003,75,3.4,A.P. Indy,1989
Awesome Markiza,2010/03/01,filly,,,,,,,,
Awesome Wizzard,2010/02/03,gelding,,,,,,,,
Baragah,2010/03/17,filly,,,,,,,,
Be a Hero,2010/02/23,gelding,88,2.2,Bettarun Fast,2003,88,5.8,Kelly Kip,1994
Belvedera,2010/03/25,filly,3,0.0,Forever Land,1989,84,5.2,Badger Land,1983
Berlin Beauty,2010/02/12,filly,18,0.2,Final Fling,2005,88,6.4,Bertrando,1989
Biscay Boy,2010/01/19,gelding,,,,,,,,
California Kid,2010/04/10,gelding,38,0.5,Phil's Pill,2001,80,1.4,Cozzene,1980
Chicago Kid,2010/03/10,gelding,,,,,,,,
Cromer,2010/03/25,colt,51,0.6,Sightseek,1999,99,52.7,Distant View,1991
Cruzado,2010/03/28,colt,37,1.0,Confessional,1996,99,16.0,Holy Bull,1991
Dance Again,2010/02/22,filly,87,4.6,Dance With Doves,2004,95,4.9,A.P. Indy,1989
Devastadora,2010/02/01,filly,,,,,,,,
Duntroon,2010/03/19,colt,,,,,,,,
Executive Power,2010/03/02,gelding,,,,,,,,
Falsehood,2010/03/27,filly,85,2.1,Small Lies,2004,82,2.7,Broken Vow,1997
Fast Stop,2010/02/07,gelding,57,0.6,Stop the Lights,2003,68,1.0,Storm Cat,1983
Fight Again,2010/03/28,filly,23,0.2,Cat Fighter,2000,96,11.0,Storm Cat,1983
Fire Flight,2010/03/13,colt,6,0.0,Tizso,1995,5,0.0,Cee's Tizzy,1987
-Fitness (MEX),2010/03/13,filly,0,1.0,Sekira,2004,85,2.7,Holy Bull,1991
Frigate Bay,2010/03/30,filly,,,,,,,,
Gracie Square,2010/03/03,filly,,,,,,,,
How Bout It Pete,2010/03/13,colt,,,,,,,,
Intimacy,2010/03/17,filly,70,1.0,Constant Companion,1995,,,Relaunch,1976
Jail House Money,2010/02/22,filly,,,,,,,,
Kiptiddy Do,2010/02/02,filly,46,0.5,Passionate Kip,2003,74,1.4,Kelly Kip,1994
Lillipad,2010/02/04,filly,46,0.5,Valid Lil,2003,97,5.0,Valid Expectations,1993
Lunar Event,2010/02/13,gelding,26,0.2,Moon Catcher,2004,93,14.2,Malibu Moon,1997
Moneygrabber,2010/01/15,filly,,,,,,,,
Oxbow,2010/03/26,colt,,,,,,,,
Pastiglia,2010/04/13,colt,,,,,,,,
Resurgence,2010/02/16,colt,71,1.5,Legs Lawlor,2002,78,2.0,Unbridled,1987
Rio Hondo,2010/04/19,gelding,,,,,,,,
Riot Act,2010/04/07,gelding,46,0.5,Wicked Sting,2006,,,Devil His Due,1989
Rose Water,2010/02/22,filly,19,0.1,Sudsy Baby,2003,90,3.8,Lite the Fuse,1991
Satisfaction,2010/02/26,filly,78,2.0,Dancinginmydreams,1998,98,7.0,Seeking the Gold,1985
Stick to Your Guns,2010/04/05,filly,75,1.6,El Bank Robber,2003,78,2.0,Eltish,1992
Tarpy's Dream,2010/04/19,filly,,,,,,,,
Theycallmeawesome,2010/04/02,gelding,29,0.3,Auntie Boo,2003,72,1.1,Fusaichi Pegasus,1997
Venus Son,2010/02/04,colt,0,0.5,Beyond Venus,2002,,,War Chant,1997
Verendus,2010/03/23,gelding,92,2.7,Zip to the Wire,1999,47,0.3,Birdonthewire,1989
Veritate,2010/04/18,gelding,28,0.3,Touch Dial,1996,99,17.9,Phone Trick,1982
Water Lili,2010/03/09,filly,,,,,,,,
Waverly Place,2010/03/20,filly,42,0.4,La Conseillante,2004,72,3.5,Elusive Quality,1993
Whisky Rock,2010/02/10,gelding,,,,,,,,
Z Maitre D,2010/01/17,gelding,49,0.7,Hostess,2003,89,6.5,Chester House,1995
Againsome,2011/03/24,gelding,62,1.0,Orate,2004,71,1.1,A.P. Indy,1989
Albertown,2011/04/09,gelding,78,1.5,Financingavailable,2001,99,18.5,Kiridashi,1992
Amazing Bets,2011/05/05,filly,54,0.9,Beautiful Bets,2000,90,4.1,Alphabet Soup,1991
Amazing Carina (BRZ),2011/03/28,filly,,,,,,,,
Athos (AUS),2011/09/22,gelding,53,0.5,Wild Soiree,2007,1,0.0,Fusaichi Pegasus,1997
Awesome Alpha,2011/02/05,filly,24,0.2,Alpha Heat,1999,95,8.3,Alphabet Soup,1991
Awesome Angel,2011/05/19,colt,,,,,,,,
Awesome Baby,2011/03/05,filly,86,10.9,Miss Attractive,2002,93,6.5,Running Stag,1994
Awesome Bill,2011/02/19,gelding,69,1.0,Cozy Gain,2002,85,2.3,Cozzene,1980
Awesome Carver,2011/03/24,gelding,9,0.1,A B C Amanda,1999,,,Alphabet Soup,1991
Awesome Dawson,2011/04/25,gelding,80,1.5,Stormy Gal,1994,93,3.1,Storm Cat,1983
Awesome Electric,2011/02/07,filly,,,,,,,,
Awesome Houdini,2011/04/07,filly,76,1.3,Houdini's Honey,1996,84,4.5,Mr. Prospector,1970
Awesome Lassie,2011/04/29,filly,83,1.8,Dynamite Lass,2002,97,5.8,Dynaformer,1985
Awesome Rebound,2011/02/02,gelding,5,0.0,Jane's the Name,1998,,,Trempolino,1984
Awesome Rush,2011/03/30,gelding,,,,,,,,
Awesome Secret,2011/02/10,filly,56,0.6,Karakorum Starlet,2003,93,6.5,Skip Away,1993
Awesome Selena,2011/04/19,filly,55,0.8,Lady Hillingdon,2005,95,5.0,Vindication,2000
Awesome Surfer Gal,2011/03/01,filly,7,0.0,Malibu Beach,2006,85,7.8,Tapit,2001
Awesome Venture,2011/04/18,gelding,,,,,,,,
Beetlebomb,2011/05/06,gelding,61,0.8,My American Girl,1998,74,0.9,Quiet American,1986
Bella Bianca,2011/04/23,filly,89,2.6,Whitewater Way,2000,85,2.1,Skip Away,1993
Black Ice,2011/03/27,gelding,45,0.6,Frost Princess,2002,86,2.0,Waquoit,1983
Black Summer,2011/05/12,filly,1,0.0,Summer Home,1992,98,9.0,Easy Goer,1986
C J's Awesome,2011/01/20,gelding,85,2.5,C J's Leelee,2005,98,7.1,Mizzen Mast,1998
Collapse,2011/05/27,gelding,16,0.1,Awesome Glory,2001,91,3.1,Honour and Glory,1993
Company Secretary,2011/04/30,colt,25,0.2,Maria Elena,2004,,,El Prado (IRE),1989
Coraggio,2011/04/19,gelding,,,,,,,,
Dr. Dan Jr.,2011/02/16,gelding,1,0.0,Expanse,1997,79,2.2,Distant View,1991
Expect a Lot,2011/04/19,colt,,,,,,,,
French Perfume,2011/03/10,filly,,,,,,,,
Frozen Rope (JPN),2011/02/17,colt,67,3.2,Bel Air Sizzle,2005,91,6.1,Unusual Heat,1990
Ground Control,2011/03/05,gelding,,,,,,,,
Helena Hurry,2011/03/19,gelding,44,0.5,Helena Handbasket,2006,74,1.2,Red Bullet,1997
Honest Dude,2011/04/26,gelding,83,1.6,Hartfelt,2005,76,3.0,Kafwain,2000
Honey Again,2011/01/20,gelding,16,0.4,Honey Grove,1998,59,0.5,Gilded Time,1990
Lana's Pretty Girl,2011/04/11,filly,,,,,,,,
Little Miss Flurry,2011/02/14,filly,,,,,,,,
More Than a Game,2011/01/20,colt,,,,,,,,
Not Again,2011/05/18,filly,,,,,,,,
Ok Zhetpes,2011/03/31,colt,,,,,,,,
Patys Surprise (CHI),2011/02/20,filly,42,0.7,Pattisunbridledcat,2006,66,1.1,Unbridled's Song,1993
Premium Rush,2011/05/10,gelding,,,,,,,,
Real Fight (KOR),2011/04/25,filly,,,,,,,,
Rihanna (VEN),2011/05/16,filly,,,,,,,,
Roman Saga,2011/03/07,filly,,,,,,,,
Sarbi,2011/02/19,filly,53,0.7,Hattiesburg,1998,98,8.8,Mutakddim,1991
Sequiota,2011/04/30,filly,79,1.5,Transition Time,1999,81,4.1,Dynaformer,1985
She's Just Awesome,2011/02/24,filly,,,,,,,,
Silver Pigeon,2011/04/25,filly,,,,,,,,
Sioux,2011/03/21,colt,86,3.4,Andraste,2006,12,0.2,Pulpit,1994
Slewpy Again,2011/01/28,colt,,,,,,,,
So Lonesome,2011/03/31,gelding,98,7.7,Dash for Money,2000,90,3.0,General Meeting,1988
Something Awesome,2011/04/11,gelding,91,14.7,Somethinaboutlaura,2002,97,14.1,Dance Floor,1989
Spelling Again,2011/04/15,filly,97,6.9,Spelling,1999,95,4.1,Alphabet Soup,1991
St. Francis Bay,2011/02/11,colt,,,,,,,,
Tax Enough,2011/05/25,gelding,27,0.2,Unbridled Ambiance,2004,86,2.2,Unbridled Time,1998
Three Way Ticket,2011/02/03,filly,,,,,,,,
Transfer Fee,2011/03/10,filly,,,,,,,,
Trespass,2011/02/16,gelding,34,0.3,Lil E Rose,2002,80,1.8,Lil E. Tee,1989
Untamable Heart,2011/02/20,filly,,,,,,,,
Updraft,2011/04/02,gelding,35,0.3,Ajina,1994,99,39.7,Strawberry Road (AUS),1979
Zoom Zoom Zoom,2011/03/01,colt,,,,,,,,
Unnamed,2012/02/27,colt,,,,,,,,
A. Rod Again,2012/01/23,colt,,,,,,,,
Achim Dongsan (KOR),2012/02/15,filly,,,,,,,,
Adapt,2012/04/21,filly,,,,,,,,
Alzakhem (KSA),2012/03/05,colt,0,1.3,Sudsy Baby,2003,90,3.8,Lite the Fuse,1991
Awesome Addback,2012/04/25,gelding,30,0.3,Bonita Meadow,1993,98,8.4,Meadowlake,1983
Awesome Bond,2012/02/22,gelding,,,,,,,,
Awesome Dove,2012/03/17,filly,24,0.2,Dance With Doves,2004,95,4.9,A.P. Indy,1989
Awesome Elle,2012/05/27,filly,73,1.1,Irish Cherry,1994,96,5.6,Irish Open,1984
Awesome Girl,2012/03/15,filly,4,0.0,Langano,1998,92,3.3,Private Terms,1985
Awesome Kiawah,2012/03/25,gelding,21,0.2,Kiawah's Magic,2005,76,2.8,Grand Slam,1995
Awesome Marchesa,2012/02/01,filly,81,2.6,My Marchesa,1990,95,4.1,Stately Don,1984
Awesome Ocean,2012/02/25,gelding,,,,,,,,
Awesome Player,2012/02/21,colt,,,,,,,,
Awesome Pretty,2012/02/27,filly,,,,,,,,
Awesome Prizes,2012/04/10,gelding,35,0.4,Prizes,1997,85,1.9,Prized,1986
Awesome Quick,2012/03/14,filly,82,1.7,Bettarun Fast,2003,88,5.8,Kelly Kip,1994
Awesome Singer,2012/03/28,filly,88,2.9,Street Singer,2005,45,0.5,Street Cry (IRE),1998
Awesome Song,2012/04/05,filly,80,2.1,Song of Solomon,2006,91,4.5,Unbridled's Song,1993
Awesome Sting,2012/04/24,gelding,57,0.7,Wicked Sting,2006,,,Devil His Due,1989
Awesome Sunrize,2012/04/11,filly,,,,,,,,
Awesome Tracy,2012/03/16,filly,,,,,,,,
Awesome Traum,2012/02/06,gelding,46,0.7,Traum,2006,,,Elusive Quality,1993
Awesome Trip,2012/04/05,filly,,,,,,,,
Awestruck Again,2012/04/20,filly,47,0.5,Moon Catcher,2004,93,14.2,Malibu Moon,1997
Back in the Fold,2012/05/06,filly,,,,,,,,
Bears Personality,2012/02/26,colt,70,2.0,Yearly Attitude,2002,95,5.8,Event of the Year,1995
Beeswacker,2012/04/29,filly,,,,,,,,
Bettyng On Lucy,2012/04/05,filly,,,,,,,,
Coxswain,2012/04/17,gelding,,,,,,,,
Doyouknowsomething,2012/01/22,gelding,,,,,,,,
Dream It Again,2012/02/09,gelding,89,2.1,Redreamit,2006,75,2.5,Tapit,2001
Dunbrody,2012/02/13,colt,94,3.1,Zaraffa,2007,36,0.3,Mizzen Mast,1998
Fast Again,2012/03/24,colt,,,,,,,,
Fireman's Carry,2012/04/01,filly,23,0.2,Darling Temper,2003,67,1.0,Point Given,1998
Flying Again,2012/04/29,gelding,30,0.3,Casperina,2003,,,Golden Missile,1995
Flying Nimbus,2012/03/07,filly,87,6.3,Ryan's Inheritance,2004,57,0.7,Valid Expectations,1993
French Bride,2012/04/03,filly,40,0.5,Mamselle Aries,2003,90,2.6,Artax,1995
Galley Beach,2012/02/23,filly,46,0.5,Gatorette,2006,97,5.1,Distorted Humor,1993
Ice Festival,2012/02/12,filly,84,4.4,Phil's Pill,2001,80,1.4,Cozzene,1980
Komo (KSA),2012/01/27,filly,0,0.5,Madame Pietra,1997,92,13.4,Roy,1983
Life's Fortune,2012/04/11,gelding,1,0.0,Life in Seattle,1998,93,3.1,Unbridled,1987
Luxurious,2012/02/06,filly,,,,,,,,
Magnifier,2012/02/07,gelding,85,2.1,Lindsay Frolic,1992,99,10.9,Mt. Livermore,1981
Me Mouse,2012/04/06,filly,,,,,,,,
Microburst,2012/02/03,filly,61,0.8,Goldfield,2008,,,Yes It's True,1996
Mission Driven,2012/02/13,gelding,81,2.3,Archstone,2003,87,2.1,Arch,1995
My Daddy's Awesome,2012/03/15,filly,18,0.2,Indivia,2004,87,2.5,Tiznow,1997
My Sweet Lady (TUR),2012/04/03,filly,,,,,,,,
Oshie,2012/04/13,gelding,,,,,,,,
Overawe,2012/04/13,gelding,81,1.5,Joyful,2005,89,2.5,Distorted Humor,1993
Pasamonte,2012/03/22,gelding,34,0.3,La Mandonna,2004,69,1.3,El Corredor,1997
Poker Champ,2012/03/26,gelding,,,,,,,,
Princeps (KOR),2012/02/13,colt,,,,,,,,
Purring Again,2012/05/03,gelding,18,0.1,One Quiet Cat,2003,90,3.3,Catienus,1994
Rollie Mass,2012/05/20,gelding,60,0.8,Brink,1994,84,2.3,Forty Niner,1985
Runaway Dude,2012/01/30,gelding,46,0.5,Ariege,2005,87,14.7,Doneraile Court,1996
Simplicityizgenius,2012/03/16,gelding,38,0.4,Royal Ancestry,2008,40,0.4,Distorted Humor,1993
Smile Goot Luck,2012/03/05,colt,,,,,,,,
St. Reno,2012/05/04,gelding,80,1.3,Ms. Deep Pockets,1996,94,4.0,Buckaroo,1975
Starship Awesome,2012/04/09,filly,45,0.5,Meadow Vista,1995,95,4.6,Meadowlake,1983
Tartarus,2012/03/15,gelding,,,,,,,,
Titan,2012/02/08,colt,71,1.7,Marimba Rhythm,2002,87,4.1,Golden Missile,1995
Trending Topic,2012/01/27,colt,,,,,,,,
Twinkle Toes,2012/02/15,filly,65,1.1,Final Fling,2005,88,6.4,Bertrando,1989
Tyrrhenian,2012/03/01,colt,47,0.6,Shining Sea,2005,88,4.5,Stormy Atlantic,1994
Watusi,2012/03/17,filly,54,0.6,Haka,2006,96,5.5,Dynaformer,1985
Unnamed,2013/02/18,gelding,,,,,,,,
Adenai,2013/02/10,filly,,,,,,,,
American Pioneer,2013/03/12,gelding,,,,,,,,
Anna House,2013/04/05,filly,41,0.5,Sweet Charity,1999,76,1.9,A.P. Indy,1989
Appoggiatura,2013/05/13,gelding,4,0.0,Richer by Love,2000,,,Clever Trick,1976
Aunt Betty,2013/04/29,filly,45,0.5,R Betty Graybull,2006,96,6.8,Holy Bull,1991
Autumn King,2013/03/17,gelding,16,0.1,Dynamite Eyes,2004,76,1.6,Dynaformer,1985
Awesome Alibi,2013/04/22,filly,,,,,,,,
Awesome Anita,2013/03/27,filly,15,0.1,Fourth Power,2006,18,0.1,Cozzene,1980
Awesome Bird,2013/04/28,filly,17,0.1,Elusive Bird,2006,,,Elusive Quality,1993
Awesome Breeze,2013/02/17,filly,1,0.0,Just Breezing,2004,,,Golden Missile,1995
Awesome Colina,2013/04/14,filly,,,,,,,,
Awesome Dolly,2013/04/01,filly,7,0.1,Cozy Queen,2003,55,0.7,Cozzene,1980
Awesome Elaine,2013/03/02,filly,,,,,,,,
Awesome Gent,2013/04/17,gelding,92,3.0,Pawnee Patti,1994,95,3.8,Sir Richard Lewis,1987
Awesome K P,2013/05/20,gelding,49,0.5,Buck Trout's Niece,2001,70,1.0,Waquoit,1983
Awesome Mariner,2013/03/07,filly,13,0.1,Maritime Passion,2007,99,9.5,Stormy Atlantic,1994
Awesome Relic,2013/03/15,gelding,46,0.4,Royal Relic,2000,,,Colonial Affair,1990
Awesome Saint,2013/04/03,filly,10,0.1,Her Sweet Saint,2007,76,2.1,Sweetsouthernsaint,1995
Awesome Slew,2013/02/06,colt,,,,,,,,
Awesome Speed,2013/03/13,colt,85,4.2,Speedy Escape,2005,63,1.0,Aptitude,1997
Awesome Vacation,2013/02/11,gelding,,,,,,,,
Beginner's Luck,2013/03/06,filly,,,,,,,,
Butterfly Dance,2013/04/12,gelding,94,4.5,Scarlet Butterfly,2003,92,4.5,Theatrical (IRE),1982
C J's Gal,2013/01/29,filly,8,0.0,C J's Leelee,2005,98,7.1,Mizzen Mast,1998
Chalking It Up,2013/01/14,filly,47,0.6,Miss Fontana,2006,73,1.5,Classic Account,1985
Circuit Reboot,2013/03/10,filly,35,0.4,Sharp Current,2007,46,0.6,Tiznow,1997
Clever Again,2013/04/10,filly,71,1.3,Rich N Clever,2004,89,2.9,Richter Scale,1994
Coco as in Chanel,2013/04/21,filly,91,2.9,Surf N Sand,1999,94,8.1,Boston Harbor,1994
Code of Silence,2013/04/27,gelding,31,0.3,Tiz a Fantasy,2003,68,2.2,Tiznow,1997
Deputy Drama,2013/05/07,colt,0,0.5,Female Drama,2007,42,3.4,Indian Charlie,1995
Driven West,2013/04/22,colt,59,0.9,Abba Gold,1998,86,2.0,Devil's Bag,1981
Due Again,2013/02/27,colt,,,,,,,,
Fleeting Moment,2013/04/20,filly,,,,,,,,
Fliparoo,2013/04/22,colt,,,,,,,,
Goldstreak,2013/03/26,filly,40,0.4,Color of Gold,1996,,,Seeking the Gold,1985
Great Dane,2013/03/02,gelding,,,,,,,,
Harlan's Wonder (JPN),2013/02/08,filly,52,0.4,Harlan's Ruby,2008,95,4.4,Harlan's Holiday,1999
Honest Effort,2013/03/20,gelding,3,0.0,Dream Delight,2006,62,0.8,Unbridled's Song,1993
Irish Pleasure,2013/05/16,filly,,,,,,,,
Legs Like Betty,2013/05/14,filly,46,0.4,Legs Lawlor,2002,78,2.0,Unbridled,1987
Lucky Max,2013/05/23,filly,4,0.0,Quick Dream,1999,55,0.5,Jeune Homme,1990
Manitoulin,2013/03/17,gelding,93,5.3,Soaring Softly,1995,98,36.5,Kris S.,1977
Marty Montana,2013/03/02,gelding,,,,,,,,
Miss Jordana,2013/04/01,filly,20,0.2,Live Free Or Die,1999,83,2.6,Personal Flag,1983
My Awesome Mom,2013/03/17,filly,70,1.3,Dearest Trickski,2004,1,12.3,Proudest Romeo,1990
Mybabybabysbaby,2013/01/14,filly,1,0.0,My Baby Baby,2005,97,6.6,Bernstein,1997
Mystery Mix,2013/03/07,filly,28,0.2,Lovely Lil,2007,96,8.2,Tiznow,1997
Nurmi,2013/02/27,gelding,30,0.3,Miss Norman,2003,95,5.5,Artax,1995
Patriotic,2013/04/03,gelding,47,0.5,Free Flying Soul,2005,94,10.5,Quiet American,1986
Perceval,2013/03/05,gelding,20,0.2,Onenightin Beijing,2007,88,2.3,Indian Charlie,1995
Playa Grande,2013/04/24,filly,,,,,,,,
Rainbows Ahead,2013/04/30,filly,76,1.4,Van Lear Rose,2006,83,9.9,Stroll,2000
Redream,2013/01/27,gelding,,,,,,,,
Reignite,2013/02/15,filly,,,,,,,,
Royal Majestic,2013/02/22,gelding,11,0.1,Ginger Brew,2005,98,19.7,Milwaukee Brew,1997
Santa Teresa,2013/04/08,filly,,,,,,,,
Sapphire Spitfire,2013/02/16,filly,55,0.7,Sapphiresndiamonds,2005,71,1.3,Mineshaft,1999
Sarastro,2013/05/16,gelding,21,0.2,Honey Ryder,2001,97,38.3,Lasting Approval,1994
Scrutiny,2013/03/31,gelding,38,0.3,Skip a Dare,2000,17,0.0,Skip Away,1993
Seattle Affair,2013/04/01,gelding,78,2.3,Sunday Affair,2007,,,A.P. Indy,1989
Self Respect,2013/03/26,colt,44,0.4,French Park,2003,99,18.5,Ecton Park,1996
Silver Fin,2013/03/05,gelding,18,0.1,Malibu Beach,2006,85,7.8,Tapit,2001
Silver Reign,2013/05/28,filly,34,0.6,Silver Crown,2001,95,3.9,Distorted Humor,1993
Souper Awesome,2013/02/06,gelding,37,0.3,Im Out First,1993,93,4.4,Allen's Prospect,1982
Stand Guard,2013/01/29,gelding,70,1.0,North Cork,2001,71,0.9,Doneraile Court,1996
Thats Awe Mine,2013/02/07,filly,27,0.3,Entitled,2006,97,5.9,Vindication,2000
Tipit,2013/02/19,gelding,55,0.7,Redreamit,2006,75,2.5,Tapit,2001
Tonbo,2013/04/01,gelding,48,0.6,Miss Isella,2005,97,13.7,Silver Charm,1994
Winter,2013/02/25,filly,87,3.7,Down,2004,92,3.6,Mr. Greeley,1992
Yes Again,2013/03/04,filly,7,0.0,She's the General,2001,90,2.7,General Meeting,1988
Unnamed,2014/02/08,colt,,,,,,,,
Unnamed,2014/02/13,colt,,,,,,,,
Unnamed,2014/05/17,filly,,,,,,,,
Alpha Alpha,2014/03/13,colt,,,,,,,,
Always Pleasant,2014/06/05,filly,,,,,,,,
Anapa,2014/02/08,filly,45,0.5,Jen's Guinness R N,2007,39,0.4,Cee's Tizzy,1987
Awesome Blend,2014/03/25,gelding,,,,,,,,
Awesome Brave,2014/04/25,gelding,41,0.4,Fleet Goddess,2006,61,0.8,Holy Bull,1991
Awesome Elvera,2014/04/04,filly,,,,,,,,
Awesome Gal,2014/02/22,filly,75,1.6,Grecian Lover,2002,85,2.7,Friendly Lover,1988
Awesome Heights,2014/05/08,gelding,,,,,,,,
Awesome Mil,2014/02/08,gelding,24,0.2,Sweet N Sour Nina,2007,91,4.2,Sweetsouthernsaint,1995
Awesome Nona,2014/03/16,filly,36,1.1,Heavenly Bliss,2008,,,Holy Bull,1991
Awesome Rekha,2014/01/22,filly,59,0.7,Trip for A. J.,2007,95,6.8,Trippi,1997
Awesome River,2014/04/28,filly,73,1.5,Hartfelt,2005,76,3.0,Kafwain,2000
Awesome Sugar,2014/02/04,filly,,,,,,,,
Bel Canto,2014/01/28,filly,32,0.3,Le Marais,2003,27,0.2,Unbridled's Song,1993
Believe Again,2014/03/20,filly,,,,,,,,
Big Again (DOM),2014/01/01,colt,,,,,,,,
Blind Pool,2014/02/24,filly,78,2.2,Taboo,2007,54,1.5,Forestry,1996
Blitz and Glamour,2014/03/14,filly,,,,,,,,
Bobby G,2014/04/22,gelding,78,2.3,Moon Catcher,2004,93,14.2,Malibu Moon,1997
Bourgeois,2014/03/01,filly,71,1.1,Enthalpy,2009,37,0.3,Bluegrass Cat,2003
Brave Request,2014/02/23,gelding,36,0.4,Latin Lashes,2008,47,1.0,Stormy Atlantic,1994
Bubbly Again,2014/02/01,filly,,,,,,,,
Cabelery,2014/03/19,gelding,31,0.2,It's Tea Time,2007,92,7.5,Dynaformer,1985
Classic Force,2014/04/10,gelding,40,0.4,Fifth Overture,2001,80,6.3,Pulpit,1994
Combat Controller,2014/03/25,gelding,75,1.4,Redreamit,2006,75,2.5,Tapit,2001
Conquest Assassin,2014/05/15,gelding,29,0.3,North East Belle,1999,49,0.4,Beau Genius,1985
Cruzin With Pachi,2014/02/26,gelding,15,0.1,Hollywood Reckless,2008,79,2.1,Tiznow,1997
Double A,2014/03/25,gelding,44,0.4,Lauren's Tizzy,2003,88,3.1,Tiznow,1997
Everglow,2014/02/02,gelding,37,0.4,Brave Destiny,2000,68,1.1,Quiet American,1986
Far From Awesome,2014/01/21,gelding,43,0.5,La Flamme,2009,15,0.1,Giant's Causeway,1997
Fifth Avenue Girl,2014/01/28,filly,16,0.1,Indy Verse,2005,,,A.P. Indy,1989
Gain Again,2014/04/03,filly,26,0.2,Cozy Gain,2002,85,2.3,Cozzene,1980
Garshie Marshie,2014/04/18,filly,16,0.1,See N Win,2006,73,1.5,Holy Bull,1991
Hard Knock Life,2014/03/06,gelding,28,0.2,Capeside Lady,2001,99,14.6,Cape Town,1995
Her Big Moment,2014/03/17,filly,43,0.5,Mama Nadine,2003,75,3.4,A.P. Indy,1989
Highland Point,2014/05/18,filly,,,,,,,,
Hoppin' Mad,2014/03/10,colt,13,0.1,Down,2004,92,3.6,Mr. Greeley,1992
Jalmolonga,2014/02/08,filly,75,0.6,Miss Fury,2003,80,1.7,Unbridled's Song,1993
Kasperina Bars (RUS),2014/04/26,filly,,,,,,,,
Land of Dixie,2014/05/07,gelding,35,0.4,Dixie's Hope,2007,86,2.7,Cozzene,1980
Princess Leia,2014/03/15,filly,62,0.9,Twisted Sis,2004,48,0.5,A.P. Indy,1989
Red Machine,2014/03/22,gelding,24,0.2,Nacho Polo,2007,,,A.P. Indy,1989
Remove the Limit (JPN),2014/03/19,gelding,27,0.1,Position Limit,2008,99,15.7,Bellamy Road,2002
Royal Insignia,2014/03/13,colt,,,,,,,,
Samjeong Again (KOR),2014/02/26,colt,,,,,,,,
Sealadysea,2014/01/29,filly,,,,,,,,
Signature Style,2014/04/08,filly,15,0.1,Her Sweet Saint,2007,76,2.1,Sweetsouthernsaint,1995
Silver Lion (KOR),2014/04/21,filly,,,,,,,,
Tequila Charley,2014/01/14,colt,,,,,,,,
There They Go,2014/01/30,gelding,56,0.6,Starship Angel,2006,94,5.7,Running Stag,1994
Titania (KOR),2014/04/05,filly,,,,,,,,
Tiz Again,2014/02/02,filly,3,0.0,Tizmania,2009,60,0.7,Tiznow,1997
Too Awesome,2014/02/07,gelding,28,0.5,Awesome Ashley,2004,91,4.3,Unbridled's Song,1993
Trap Game,2014/04/29,colt,39,0.4,Tizamazing,2002,,,Cee's Tizzy,1987
Trek,2014/03/08,gelding,35,0.3,Starship Cruiser,2003,93,4.6,Golden Missile,1995
Try Me Again,2014/06/07,gelding,43,0.4,Goldrush Girl,2009,91,3.1,Political Force,2003
Ubetimawesome,2014/04/04,filly,,,,,,,,
Wholehearted,2014/01/15,filly,83,2.1,My Baby Baby,2005,97,6.6,Bernstein,1997
Win Money My Honey,2014/05/03,filly,7,0.1,Money My Honey,2005,86,4.4,Red Bullet,1997
Unnamed,2015/03/05,colt,,,,,,,,
Unnamed,2015/04/15,filly,,,,,,,,
Unnamed,2015/02/06,filly,,,,,,,,
Unnamed,2015/04/25,filly,,,,,,,,
Unnamed,2015/02/07,colt,,,,,,,,
American Driven,2015/05/03,gelding,42,0.4,Mercurial Menace,2009,42,0.5,Unbridled's Song,1993
Astorian Queen,2015/05/20,filly,11,0.1,Kaydara,2001,83,2.6,Kris S.,1977
Awesome Accent,2015/02/18,gelding,,,,,,,,
Awesome Blue,2015/05/05,colt,,,,,,,,
Awesome Ceebett,2015/04/12,colt,0,0.6,Ceebett's Dancer,1996,54,0.4,Moscow Ballet,1982
Awesome Class,2015/02/18,filly,43,0.5,Back to Class,2010,76,1.3,Montbrook,1990
Awesome Clue,2015/03/28,filly,37,0.4,Including,2010,64,0.9,Include,1997
Awesome Forever,2015/02/11,filly,1,0.0,Wednesday,2010,93,4.6,Medaglia d'Oro,1999
Awesome Investment,2015/04/21,filly,,,,,,,,
Awesome Jazz,2015/04/24,filly,73,1.7,Jazzy Idea,2009,95,7.1,Great Notion,2000
Awesome Mary,2015/03/09,filly,88,2.4,Truly Marie,2010,84,2.1,Hard Spun,2004
Awesome N Sweet,2015/03/23,filly,6,0.0,My Sweet Heart,2000,77,1.9,You and I,1991
Awesome Omi,2015/02/25,filly,11,0.1,Omi's Vindication,2007,66,2.5,Vindication,2000
Awesome Prayer,2015/05/03,filly,,,,,,,,
Awesome Times Two,2015/04/02,gelding,68,0.9,Majorelle,2011,,,Mizzen Mast,1998
Bazooka Girl,2015/02/07,filly,,,,,,,,
Blushing Lady,2015/01/27,filly,,,,,,,,
Bobae Dream (KOR),2015/04/03,filly,,,,,,,,
Bravazo,2015/01/29,colt,,,,,,,,
Brighten My Day,2015/04/08,colt,16,0.1,Surf N Sand,1999,94,8.1,Boston Harbor,1994
British Fields,2015/05/13,gelding,30,0.3,Allison's Hope,2001,15,0.0,Langfuhr,1992
Card Club,2015/01/25,filly,44,0.4,Domino Derval,2011,97,5.8,First Samurai,2003
Cellar Door,2015/02/11,filly,66,1.0,Rivertown Belle,2010,79,5.1,Bellamy Road,2002
Cocktails Again,2015/01/30,filly,,,,,,,,
Complicated Lady,2015/05/12,filly,29,0.3,Peggy May,2011,,,Lemon Drop Kid,1996
Consubstantial,2015/01/27,filly,34,0.4,Happy Bird,2010,90,2.5,Showing Up,2003
Count Again,2015/04/01,gelding,97,17.4,Count to Three,2002,97,7.0,Red Ransom,1987
Curly's Mark,2015/04/04,gelding,53,0.6,Princess Dashkova,2007,,,Giant's Causeway,1997
Denver,2015/03/16,filly,69,1.5,Ditch the Act,2007,67,0.9,Gulch,1984
Eagle Dance,2015/04/17,gelding,,,,,,,,
Emilyisawesome,2015/05/18,filly,46,0.5,Mony'slittlegracie,2010,68,1.0,Alphabet Soup,1991
Eyes Cheeks Smile,2015/03/24,filly,,,,,,,,
Fashionablyawesome,2015/02/03,filly,60,0.8,Fashion Insider,2007,71,1.7,Indian Charlie,1995
Gran Nighthawk,2015/03/27,filly,62,0.8,Miss Attractive,2002,93,6.5,Running Stag,1994
Harper P M,2015/04/25,gelding,63,0.8,Bressie,2006,72,1.3,Fast Play,1986
I Am a Deplorable,2015/02/25,filly,,,,,,,,
J Kitty,2015/04/18,filly,,,,,,,,
James Blonde,2015/02/16,gelding,3,0.0,Great Lookinblonde,2008,97,5.9,Albert the Great,1997
Kentucky Blueblood,2015/02/13,filly,1,0.0,All Due Respect,2007,98,7.5,Value Plus,2001
Kresses,2015/04/26,filly,49,0.6,Doitforbob,2009,22,0.2,Bertrando,1989
Lady Lyanna,2015/04/28,filly,3,0.0,Smokin' Stephanie,2005,22,0.2,Smoke Glacken,1994
Look'n Ahead,2015/02/07,colt,,,,,,,,
Magic Feet,2015/03/05,filly,40,0.4,Magic Maya,2009,63,0.9,Proud Citizen,1999
Mariarti,2015/04/27,colt,,,,,,,,
Miss Midge,2015/05/13,filly,10,0.1,Tiz Elemental,2004,99,14.0,Cee's Tizzy,1987
Money Broker,2015/04/09,gelding,29,0.3,Bwana Babe,2007,88,3.1,Bwana Charlie,2001
Mr. Persistence,2015/02/21,colt,,,,,,,,
Nikki's Bad,2015/04/11,filly,82,1.8,Nec Metu,2008,,,Successful Appeal,1996
Octoberfest,2015/04/21,gelding,,,,,,,,
Of Course You Can,2015/02/08,gelding,13,0.1,Raucous Lady,2009,69,2.2,Rock Hard Ten,2001
Oh Bette,2015/04/06,filly,57,0.7,Betty Brite,2009,57,0.7,Medaglia d'Oro,1999
Ollivander,2015/04/08,gelding,47,0.5,Magical World,2010,70,1.7,Distorted Humor,1993
Possibilitarian,2015/05/12,colt,91,2.7,Pledge Pin,2011,62,1.3,Chatain,2003
Princess Zoe,2015/05/06,filly,31,0.3,Now and Forever,2006,76,1.7,Maria's Mon,1993
Quest of Glory,2015/01/30,gelding,38,0.4,Delve,2002,,,Seeking the Gold,1985
Royal Descendent,2015/03/27,filly,91,2.8,Sweet August Moon,2005,97,9.2,Malibu Moon,1997
Sandy Lane,2015/04/09,gelding,60,0.8,Warmhearted Sandy,2007,69,1.0,Say Florida Sandy,1994
Simply Awesome (IRE),2015/02/04,filly,,,,,,,,
Stunning Baby,2015/01/15,gelding,45,0.5,My Baby Baby,2005,97,6.6,Bernstein,1997
Super Sol,2015/03/25,colt,87,2.6,Kiss the Lady,2010,88,2.7,Quiet American,1986
Sway's Godsend Rvf,2015/04/22,gelding,33,0.3,Homefortheholidays,2004,80,2.0,Came Home,1999
Sweet Sting,2015/02/15,filly,72,1.8,Perfect Sting,1996,99,47.3,Red Ransom,1987
Too Much Time,2015/02/21,gelding,19,0.2,Takeabreak,2002,,,A.P. Indy,1989
Truth Be Tolled,2015/02/10,gelding,56,0.7,Pay the Toll,2003,41,0.4,Repriced,1988
Uglich,2015/04/20,colt,,,,,,,,
Valkyrie,2015/02/07,filly,55,0.7,Lemon Tiz,2008,59,0.8,Lemon Drop Kid,1996
Virtuoso,2015/05/02,filly,,,,,,,,
Wooderson,2015/05/09,colt,,,,,,,,
Yoenis,2015/03/24,gelding,,,,,,,,
Zig Zillion,2015/02/18,gelding,76,1.4,Power Lady,2010,96,4.0,Discreet Cat,2003
Unnamed,2016/02/10,colt,,,,,,,,
Unnamed,2016/02/23,colt,,,,,,,,
A Thousand Stars,2016/05/03,filly,,,,,,,,
Already Awesome,2016/02/09,colt,,,,,,,,
Always Shopping,2016/04/09,filly,96,6.8,Stopshoppingmaria,2009,97,9.5,More Than Ready,1997
Awesome Adversary,2016/02/05,gelding,56,0.7,Adorable You,2004,51,0.6,Grand Slam,1995
Awesome Agenda,2016/03/14,gelding,39,0.4,Chat Me Up,2009,52,0.6,Purim,2002
Awesome Agent,2016/03/25,colt,,,,,,,,
Awesome Aphra,2016/02/22,filly,35,0.3,Aibhilin,2011,95,3.9,Sky Mesa,2000
Awesome Aurora,2016/03/27,filly,,,,,,,,
Awesome D J,2016/05/25,gelding,69,1.2,High Definition,2007,14,0.1,Richter Scale,1994
Awesome Game,2016/04/22,gelding,13,0.1,Courtizanna,2012,,,Tiznow,1997
Awesome Holiday,2016/02/25,filly,,,,,,,,
Awesome Maiden,2016/04/04,filly,15,0.1,Lady Mayfair,2012,21,0.1,Medaglia d'Oro,1999
Awesome Marq,2016/04/18,filly,13,0.1,Marquet Madness,2007,85,2.7,Pico Central (BRZ),1999
Awesome Mystery,2016/02/04,gelding,3,0.0,Missteria,2008,52,0.6,Dance With Ravens,2002
Awesome Rally,2016/05/06,gelding,54,1.1,Xs Belle,2009,,,Dynaformer,1985
Awesome Score,2016/02/12,gelding,60,2.1,The Best Option,2008,80,1.7,Pleasant Tap,1987
Awesome Starlet,2016/03/27,filly,35,0.3,Capital Plan,2008,98,8.6,Rock Hard Ten,2001
Awesome Tiara,2016/03/09,filly,,,,,,,,
Awesome Tracker,2016/03/17,gelding,43,0.5,Way Smarter,2009,89,2.6,Smart Strike,1992
Awesome Tune,2016/03/22,filly,1,0.0,Singing Doe,2004,72,1.4,Running Stag,1994
Awesome Wild Girl (IRE),2016/02/25,filly,56,0.7,Danish Wildcat,2004,14,0.1,Danehill,1986
Awesome Wok N Roll,2016/04/06,gelding,62,1.3,El Prado Essence,1997,99,13.9,El Prado (IRE),1989
Behind the Couch,2016/03/10,filly,82,1.6,Tapitbythesea,2011,9,0.0,Tapit,2001
Belissimo,2016/02/10,filly,,,,,,,,
Blue Danube,2016/04/18,gelding,41,0.5,Majestic River,2010,97,8.7,A.P. Indy,1989
Boyson,2016/04/07,gelding,51,0.6,Musical Mystery,2012,12,0.1,Concerto,1994
California Moon,2016/04/13,filly,,,,,,,,
Call Me Derby,2016/04/15,gelding,59,0.9,Key Appeal,2007,68,3.1,Successful Appeal,1996
Cash Again,2016/02/29,gelding,59,1.0,Collect the Cash,1997,92,11.4,Dynaformer,1985
Classic Beauty,2016/04/21,filly,50,0.5,Clearbrook,2010,94,3.9,Smart Strike,1992
Cornstarch,2016/05/05,colt,76,1.2,Find the Humor,2008,83,1.9,Sharp Humor,2003
Dempsey,2016/03/07,colt,,,,,,,,
Deyonce,2016/03/26,filly,,,,,,,,
Gladesman,2016/05/15,colt,12,0.1,Sydney's Kiss,1999,86,1.8,Boston Harbor,1994
Groundhog Day,2016/04/04,gelding,,,,,,,,
Hurricane Andrew,2016/04/15,gelding,35,0.5,Can't Bluff Me,1997,60,1.2,Pine Bluff,1989
Ilha Do Mel,2016/03/10,filly,45,0.6,Sonhadora,2011,,,Distorted Humor,1993
Impressive Again,2016/04/24,gelding,0,0.2,Ceebett's Dancer,1996,54,0.4,Moscow Ballet,1982
Lahela,2016/03/10,filly,0,1.6,My Emmy Girl,2011,,,Street Sense,2004
Liberty Again T N,2016/01/24,filly,,,,,,,,
Light Festival,2016/03/31,filly,,,,,,,,
Madame Jeanette,2016/02/19,filly,29,0.3,Katie's Heat,2011,,,Unusual Heat,1990
Marvelous Martina,2016/04/26,filly,77,1.4,Marvelous Margaret,2009,73,1.6,Put It Back,1998
Meet Me in L A,2016/04/27,gelding,,,,,,,,
Moldy Money,2016/05/10,filly,13,0.1,Ryan's Inheritance,2004,57,0.7,Valid Expectations,1993
Mudcrutch,2016/02/18,colt,,,,,,,,
Musical Mood,2016/02/22,filly,36,0.4,Ez Indy,2007,,,A.P. Indy,1989
My Lady Anna,2016/05/01,filly,61,1.2,See Me Dance,2007,,,Unbridled's Song,1993
Notorious Gal,2016/04/25,filly,31,0.3,Mercurial Menace,2009,42,0.5,Unbridled's Song,1993
Peace Love Bread,2016/04/10,filly,59,0.7,Western Vision,2003,,,Gone West,1984
R Awesum Betty,2016/02/17,filly,57,0.6,R Betty Graybull,2006,96,6.8,Holy Bull,1991
Real Rocket,2016/03/20,gelding,8,0.1,Harve de Grace,2000,81,1.6,Boston Harbor,1994
Relishment,2016/04/13,gelding,56,0.7,Sweet Relish,2006,82,3.7,Smoke Glacken,1994
Self Defense,2016/03/22,gelding,2,0.0,Pussyfoot,2012,62,0.8,Tiznow,1997
Sir Winston,2016/04/08,colt,,,,,,,,
Skrilla,2016/04/10,colt,,,,,,,,
Souper Thriller,2016/04/22,gelding,,,,,,,,
Stunning Again (KOR),2016/03/27,colt,,,,,,,,
Super Awesome (CHI),2016/03/05,gelding,1,0.0,Super Amazing,2010,48,0.5,Put It Back,1998
Superlativo,2016/04/07,colt,,,,,,,,
Valencia Vale,2016/04/13,filly,8,0.1,Andraste,2006,12,0.2,Pulpit,1994
Wicked Awesome,2016/03/02,filly,80,3.0,Mira Alta,2010,,,Curlin,2004
Yabba Dabba Dude,2016/04/04,gelding,52,0.6,Sweet Charity,1999,76,1.9,A.P. Indy,1989
Zeruch,2016/04/01,gelding,,,,,,,,
Unnamed,2017/02/15,gelding,,,,,,,,
Unnamed,2017/03/02,filly,,,,,,,,
Unnamed,2017/01/31,filly,,,,,,,,
Annoula,2017/03/02,filly,36,0.4,Athena Ballerina,2006,1,0.0,Lion Heart,2001
Approved,2017/04/07,gelding,42,0.5,Beach Walk,2013,77,1.4,Distorted Humor,1993
Awesome Beauty,2017/02/20,filly,,,,,,,,
Awesome Galaxy,2017/02/18,filly,24,0.2,Galaxy Princess,2012,,,Tiznow,1997
Awesome Kaz,2017/05/01,colt,,,,,,,,
Awesome Magnolia,2017/02/22,filly,,,,,,,,
Awesome Princess,2017/03/05,filly,,,,,,,,
Awesome Tiger,2017/02/05,gelding,,,,,,,,
Bam Bam Again,2017/01/30,gelding,32,0.4,Pebble Beach Baby,2010,82,2.1,Rock Hard Ten,2001
Borano (KSA),2017/02/28,colt,,,,,,,,
Broadway Joe,2017/03/18,gelding,20,0.2,Storm Now,2011,63,1.0,Tiznow,1997
Christmas Pickles,2017/03/20,filly,14,0.1,Rivertown Belle,2010,79,5.1,Bellamy Road,2002
Citizen Dream,2017/01/25,colt,,,,,,,,
Clifton Park,2017/04/12,colt,27,0.3,Sister in Arms,2011,78,1.5,Colonel John,2005
Collinsavenue,2017/03/20,filly,14,0.1,Great Mills High,2010,63,2.3,Student Council,2002
Coral Berry,2017/01/15,filly,,,,,,,,
Devine Teresa,2017/03/03,filly,,,,,,,,
Favorite Sin,2017/02/04,filly,74,1.5,On Fire Baby,2009,99,20.0,Smoke Glacken,1994
How Awesome Am I,2017/04/20,filly,,,,,,,,
Idolo Mundial,2017/03/14,colt,52,0.3,Topic,2010,78,2.8,Discreet Cat,2003
In Awe Again,2017/05/21,gelding,18,0.1,Xs Belle,2009,,,Dynaformer,1985
It's Awesome Jett,2017/02/27,gelding,,,,,,,,
Izellah,2017/01/28,filly,,,,,,,,
Just Awesome M,2017/05/01,gelding,32,0.3,Final Fling,2005,88,6.4,Bertrando,1989
Kite Beach,2017/02/05,filly,,,,,,,,
Livin' At the Bu,2017/04/02,filly,57,0.8,Malibu Bucklebunny,2013,3,0.0,Malibu Moon,1997
Mimi's Awesome,2017/02/10,filly,1,0.0,Tia Tamina,2013,,,Uncle Mo,2008
Mrs. Awesome,2017/04/11,filly,31,0.2,Playful Run,1999,,,Run Softly,1991
Negotiator,2017/03/17,gelding,59,0.7,Practicaly Perfect,2008,,,Pleasantly Perfect,1998
No Questions Asked,2017/02/15,filly,,,,,,,,
Now and Again,2017/06/25,gelding,66,1.0,Ever and Anon,2003,87,2.6,Carson City,1987
Omni Diva,2017/02/28,filly,75,1.5,Ultimate Prize,2012,14,0.1,Smart Strike,1992
On to Cincinnati,2017/02/28,filly,4,0.0,Conquest War Miss,2012,32,0.3,War Front,2002
Prince of Caps,2017/02/18,gelding,62,0.8,Seeking the Silver,2000,82,1.9,Grindstone,1993
Private Talk,2017/04/11,filly,,,,,,,,
Prospect Project,2017/04/01,gelding,31,0.7,Private Estate,2012,82,1.6,Speightstown,1998
Rivercane,2017/03/13,filly,35,0.3,Handwoven,2009,88,2.3,Indian Charlie,1995
Saint Philomena,2017/04/18,filly,,,,,,,,
Seattle Again,2017/05/05,filly,0,0.5,Exotic Design,2006,19,0.1,A.P. Indy,1989
Small Talk,2017/02/26,gelding,76,1.8,Ain't No Tellin',2008,32,0.3,Dynaformer,1985
Soar Like an Eagle,2017/03/18,gelding,11,0.1,My Merry Way,2011,74,1.9,Tiznow,1997
Starship Goddess,2017/04/15,filly,51,0.7,Fifth Dimension,2010,30,0.2,Distorted Humor,1993
Such Great Heights,2017/04/18,filly,51,0.8,Starship Universe,2009,78,1.9,Mineshaft,1999
Thabooh (KSA),2017/03/28,colt,2,0.2,Okra Wind Free,2010,35,0.4,Slew City Slew,1984
Tizso Awesome,2017/05/05,filly,73,1.2,Tizakitty,2001,97,6.0,Distinctive Cat,1993
Tumbadora,2017/04/13,filly,42,0.5,Conga Bella,2007,89,2.8,Congaree,1998
U S S Lois,2017/02/02,filly,36,0.4,Tiz a Mistress,2002,,,Cee's Tizzy,1987
Well Done West,2017/03/29,colt,91,2.6,Malibu Breeze,2012,67,0.9,Distorted Humor,1993
Yeonggwangui Punch,2017/04/21,colt,,,,,,,,
Unnamed,2018/04/02,colt,,,,,,,,
Unnamed,2018/04/26,colt,,,,,,,,
Again and Again,2018/05/03,filly,,,,,,,,
Al Maroom,2018/05/15,filly,,,,,,,,
Alki Beach,2018/04/20,gelding,4,0.0,Beach Day,2010,11,0.1,A.P. Indy,1989
/April Rose=Chi,2018/07/25,filly,1,0.0,April Foolishness,2002,74,1.7,Secret Hello,1987
Aramco (KSA),2018/02/03,colt,16,0.1,Jamie's Catch,2011,14,0.1,Hal's Image,2002
Aspen Again,2018/04/30,filly,16,0.1,Saintcerely,2002,,,Saint Ballado,1989
Aviatrice,2018/03/22,filly,,,,,,,,
Awesome Break,2018/04/10,gelding,24,0.2,Drought Breaker,2001,83,2.9,Steinlen (GB),1983
Awesome Dynamo,2018/03/31,gelding,39,1.1,Dynamizzen,2012,51,0.6,Mizzen Mast,1998
Awesome Gigi,2018/01/24,filly,46,0.4,Givonna B,2010,34,0.3,Proud and True,1994
Awesome Remix,2018/01/26,gelding,,,,,,,,
Awesome Springs,2018/05/02,colt,,,,,,,,
Awesome Steel,2018/05/04,gelding,33,0.3,Magnolia Steel,2012,76,1.3,Include,1997
Awesome Team,2018/04/09,filly,,,,,,,,
Awesome Wine,2018/03/17,filly,,,,,,,,
Awesome Yet Again,2018/05/18,gelding,36,0.3,In the Slips,2007,93,3.9,More Than Ready,1997
Awesomeloveofdeoro,2018/04/01,filly,,,,,,,,
Brio Is Awesome,2018/02/21,filly,36,0.4,Tiz a Mistress,2002,,,Cee's Tizzy,1987
Complete Lady,2018/03/02,filly,,,,,,,,
Fabuloso,2018/03/09,colt,,,,,,,,
Gypsy V Bar,2018/04/28,filly,31,0.3,Margo's Delight,2006,55,0.7,Texas Glitter,1996
Hipster,2018/03/28,gelding,80,1.5,My Fast Friend,2006,32,0.3,Friends Lake,2001
Hype Man,2018/02/02,gelding,36,0.4,Golden Finish,2011,73,1.1,Chestertown Slew,2002
Iola's Black,2018/05/12,colt,2,0.0,Sippi Fever,2006,48,0.6,Stormin Fever,1994
Killoean Rose,2018/04/07,filly,11,0.1,Killoe,2001,64,0.9,Kris S.,1977
King of Awesome,2018/03/15,gelding,32,0.3,Queen July,2009,3,0.0,Corporate Report,1988
Koko's Mom,2018/02/25,filly,43,0.5,Simon Sez Run Fast,2007,18,0.2,Kissin Kris,1990
Maglev Joy (KOR),2018/01/01,filly,,,,,,,,
Naughty Mabel,2018/03/02,filly,35,0.3,Revelette,2009,1,0.0,Mizzen Mast,1998
Once Again,2018/04/07,gelding,,,,,,,,
Plenty Awesome,2018/02/06,filly,6,0.1,Plenty O'Toole,2010,83,2.1,Tiznow,1997
Prince Perfecta,2018/03/10,gelding,56,0.7,Princess Perfect,2008,73,1.7,Crafty Friend,1993
Qu'appelle Belle,2018/05/11,filly,,,,,,,,
Return to Harbor,2018/04/12,filly,35,0.4,Havre de Place,2010,33,0.3,Out of Place,1987
Right to Strike,2018/01/25,gelding,29,0.2,Strike Right Now,2013,56,4.0,Tiznow,1997
Rightandjust,2018/04/16,colt,85,1.9,Pussyfoot,2012,62,0.8,Tiznow,1997
Seif Almolaqa (KSA),2018/05/03,colt,1,0.0,Sanctifica,2011,88,4.0,Distorted Humor,1993
She's Apples,2018/03/15,filly,55,0.7,Apple Down Under,2013,56,0.9,Lonhro (AUS),1998
Snowbird Sally,2018/03/22,filly,15,0.1,Snow Angel,2002,18,0.1,Alphabet Soup,1991
Spritz,2018/04/27,filly,57,1.2,Holy Blitz,1997,96,5.6,Holy Bull,1991
Sting Like a Bee,2018/05/06,gelding,23,0.2,La Belle Province,2009,49,0.6,Marco Bay,1990
Street Culture,2018/03/16,gelding,65,0.9,Summer Street,2009,37,0.4,Street Cry (IRE),1998
Super Chief,2018/05/11,colt,94,4.2,Addagirladdy,2008,30,0.3,Doneraile Court,1996
Super Scorpio,2018/04/06,gelding,57,0.9,Scorpiobdancing,2009,39,0.4,Pleasant Tap,1987
Tijuana Flair,2018/02/06,filly,30,0.4,Bears Measure,2012,,,Tiznow,1997
U Cant Handle This,2018/02/04,filly,67,0.9,Coastal View,2014,,,Tiznow,1997
Wick,2018/02/23,gelding,49,0.5,Unbridled Wee,2010,57,1.4,Holy Bull,1991
Unnamed,2019/05/29,colt,,,,,,,,
Unnamed,2019/04/07,colt,,,,,,,,
Angelo's Superstar,2019/06/22,colt,,,,,,,,
Awesome Bid,2019/05/03,gelding,51,0.6,Holy Blitz,1997,96,5.6,Holy Bull,1991
Awesome Clarity,2019/02/10,colt,,,,,,,,
Awesome Daze,2019/04/09,filly,,,,,,,,
Awesome Incentive,2019/03/26,filly,40,0.4,Incentive,2008,75,1.3,Mr. Greeley,1992
Awesome Oak,2019/05/03,filly,0,0.1,Ms Silver Oak,2008,73,1.6,Leroidesanimaux (BRZ),2000
Awesome Samantha,2019/04/12,filly,22,0.1,Gaylo,2014,21,0.1,Gayego,2005
Awesome Strike,2019/02/01,gelding,68,1.0,Strike Right Now,2013,56,4.0,Tiznow,1997
Awesome Valor,2019/02/27,filly,24,0.2,Sister to the Nth,2005,5,0.0,Ecton Park,1996
Awsome Donna,2019/03/15,filly,13,0.1,Queen July,2009,3,0.0,Corporate Report,1988
Bebe Carnation,2019/02/28,colt,0,0.3,Win Winney,2014,60,1.2,Exchange Rate,1997
Clown Oil,2019/03/18,gelding,25,0.2,Aptiseno,2005,67,1.1,Aptitude,1997
Define Awesome,2019/05/10,colt,,,,,,,,
Gypsy Lynn,2019/05/06,filly,,,,,,,,
Jamiche,2019/02/26,filly,,,,,,,,
Ne Hochu,2019/04/06,colt,,,,,,,,
Printrack,2019/02/17,gelding,82,1.6,Lac Du Printemps,1998,52,0.3,Meadowlake,1983
Super Sting,2019/04/12,filly,18,0.1,Perfect Sting,1996,99,47.3,Red Ransom,1987
Vero Campione,2019/05/04,gelding,27,0.2,The Rumor's True,2007,77,4.2,Kafwain,2000
